UO,FUNCAO,SUBFUNCAO,PROGRAMA,ACAO,SUBPROJETO,IAG,NUMERO DA OBRA SISOR,NUMERO DA OBRA SIAD,DESCRICAO DA OBRA,STATUS DA OBRA,UNIDADE DE MEDIDA DA OBRA,QUANTIDADE,ALTERAR UNIDADE DE MEDIDA DA OBRA,REGIÃO GEOGRÁFICA INTERMEDIÁRIA,MUNICÍPIO,VALOR TESOURO 2023 (R$),VALOR OUTROS 2023 (R$),VALOR TESOURO 2024 (R$),VALOR OUTROS 2024 (R$),VALOR TESOURO 2025 (R$),VALOR OUTROS 2025 (R$),VALOR TESOURO 2026 (R$),VALOR OUTROS 2026 (R$)
1091,3,62,714,1064,1,0,380,0,CONSTRUÇÃO DE SEDES PRÓPRIAS NAS LOCALIDAS A SEREM DEFINIDAS PELA DIREÇÃO SUPERIOR,INICIANDO,UNIDADE,1,Sim,Estadual,DIVERSOS MUNICÍPIOS - ESTADUAL,"5.000.000,00",",00","15.000.000,00",",00","15.000.000,00",",00","15.000.000,00",",00"
1261,12,368,110,4410,1,0,239,0,REFORMA E RESTAURAÇÃO,INICIANDO,ESCOLA,3553,Sim,Estadual,DIVERSOS MUNICÍPIOS - ESTADUAL,"319.270,00",",00",",00",",00",",00",",00",",00",",00"
1261,12,368,110,4410,1,0,240,0,PSCIP,INICIANDO,ESCOLA,3553,Sim,Estadual,DIVERSOS MUNICÍPIOS - ESTADUAL,"358.064,00",",00",",00",",00",",00",",00",",00",",00"
1261,12,368,110,4410,1,0,241,0,REFORMA E RESTAURAÇÃO,INICIANDO,ESCOLA,3553,Sim,Estadual,DIVERSOS MUNICÍPIOS - ESTADUAL,"232.579,00",",00",",00",",00",",00",",00",",00",",00"
1261,12,368,110,4410,1,0,242,0,REFORMA E RESTAURAÇÃO,EXECUÇÃO,ESCOLA,3553,Sim,Estadual,DIVERSOS MUNICÍPIOS - ESTADUAL,"4.000.000,00",",00",",00",",00",",00",",00",",00",",00"
1261,12,368,110,4410,1,0,243,0,REFORMA E RESTAURAÇÃO,EXECUÇÃO,ESCOLA,3553,Sim,Estadual,DIVERSOS MUNICÍPIOS - ESTADUAL,"4.000.000,00",",00",",00",",00",",00",",00",",00",",00"
1261,12,368,110,4410,1,0,244,0,REVISÃO DE PROJETO,INICIANDO,ESCOLA,3553,Sim,Estadual,DIVERSOS MUNICÍPIOS - ESTADUAL,"2.458.892,00",",00",",00",",00",",00",",00",",00",",00"
1261,12,368,110,4410,1,0,245,0,REFORMA GERAL DA ESCOLA,EXECUÇÃO,ESCOLA,3553,Sim,Estadual,DIVERSOS MUNICÍPIOS - ESTADUAL,"4.000.000,00",",00",",00",",00",",00",",00",",00",",00"
1261,12,368,110,4410,1,0,246,0,REFORMA EMERGENCIAL,INICIANDO,ESCOLA,3553,Sim,Estadual,DIVERSOS MUNICÍPIOS - ESTADUAL,"300.000,00",",00",",00",",00",",00",",00",",00",",00"
1261,12,368,110,4410,1,0,247,0,REFORMA E RESTAURAÇÃO,EXECUÇÃO,ESCOLA,3553,Sim,Estadual,DIVERSOS MUNICÍPIOS - ESTADUAL,"6.000.000,00",",00",",00",",00",",00",",00",",00",",00"
1261,12,368,110,4410,1,0,248,0,CORREÇÃO DE ESTRUTURA,EXECUÇÃO,ESCOLA,3553,Sim,Estadual,DIVERSOS MUNICÍPIOS - ESTADUAL,"4.000.000,00",",00",",00",",00",",00",",00",",00",",00"
1261,12,368,110,4410,1,0,249,0,REFORMA E RESTAURAÇÃO,EXECUÇÃO,ESCOLA,3553,Sim,Estadual,DIVERSOS MUNICÍPIOS - ESTADUAL,"4.000.000,00",",00",",00",",00",",00",",00",",00",",00"
1261,12,368,110,4410,1,0,250,0,REFORMA,EXECUÇÃO,ESCOLA,3553,Sim,Estadual,DIVERSOS MUNICÍPIOS - ESTADUAL,"4.000.000,00",",00",",00",",00",",00",",00",",00",",00"
1261,12,368,110,4410,1,0,251,0,PSCIP,EXECUÇÃO,ESCOLA,3553,Sim,Estadual,DIVERSOS MUNICÍPIOS - ESTADUAL,"1.000.000,00",",00",",00",",00",",00",",00",",00",",00"
1261,12,368,110,4410,1,0,252,0,REFORMA E RESTAURAÇÃO,EXECUÇÃO,ESCOLA,3553,Sim,Estadual,DIVERSOS MUNICÍPIOS - ESTADUAL,"3.000.000,00",",00",",00",",00",",00",",00",",00",",00"
1261,12,368,110,4410,1,0,253,0,PROJETO PARA ADEQUAÇÕES DE ACESSIBILIDADE,INICIANDO,ESCOLA,3553,Sim,Estadual,DIVERSOS MUNICÍPIOS - ESTADUAL,"207.020,00",",00",",00",",00",",00",",00",",00",",00"
1261,12,368,110,4410,1,0,254,0,OBRA,EXECUÇÃO,ESCOLA,3553,Sim,Estadual,DIVERSOS MUNICÍPIOS - ESTADUAL,"2.000.000,00",",00",",00",",00",",00",",00",",00",",00"
1261,12,368,110,4410,1,0,255,0,REFORMA E REFORÇO ESTRUTURAL,EXECUÇÃO,ESCOLA,3553,Sim,Estadual,DIVERSOS MUNICÍPIOS - ESTADUAL,"1.000.000,00",",00",",00",",00",",00",",00",",00",",00"
1261,12,368,110,4410,1,0,256,0,REVISÃO DE PROJETO,EXECUÇÃO,ESCOLA,3553,Sim,Estadual,DIVERSOS MUNICÍPIOS - ESTADUAL,"1.000.000,00",",00",",00",",00",",00",",00",",00",",00"
1261,12,368,110,4410,1,0,257,0,REFORMA - OBRA,EXECUÇÃO,ESCOLA,3553,Sim,Estadual,DIVERSOS MUNICÍPIOS - ESTADUAL,"4.000.000,00",",00",",00",",00",",00",",00",",00",",00"
1261,12,368,110,4410,1,0,258,0,REFORMA - OBRA,EXECUÇÃO,ESCOLA,3553,Sim,Estadual,DIVERSOS MUNICÍPIOS - ESTADUAL,"1.500.000,00",",00",",00",",00",",00",",00",",00",",00"
1261,12,368,110,4410,1,0,259,0,REFORMA E RESTAURAÇÃO - OBRA,EXECUÇÃO,ESCOLA,3553,Sim,Estadual,DIVERSOS MUNICÍPIOS - ESTADUAL,"4.000.000,00",",00",",00",",00",",00",",00",",00",",00"
1261,12,368,110,4410,1,0,260,0,REFORMA E RESTAURAÇÃO,EXECUÇÃO,ESCOLA,3553,Sim,Estadual,DIVERSOS MUNICÍPIOS - ESTADUAL,"5.719.997,00",",00",",00",",00",",00",",00",",00",",00"
1261,12,368,110,4410,1,0,261,0,REFORMA - OBRA,EXECUÇÃO,ESCOLA,3553,Sim,Estadual,DIVERSOS MUNICÍPIOS - ESTADUAL,"2.904.178,00","3.095.822,00",",00",",00",",00",",00",",00",",00"
1261,12,368,110,4410,1,0,262,0,REFORMA E RESTAURAÇÃO,EXECUÇÃO,ESCOLA,3553,Sim,Estadual,DIVERSOS MUNICÍPIOS - ESTADUAL,",00","6.000.000,00",",00",",00",",00",",00",",00",",00"
1261,12,368,110,4410,1,0,263,0,REFORMA - OBRA,INICIANDO,ESCOLA,3553,Sim,Estadual,DIVERSOS MUNICÍPIOS - ESTADUAL,",00","4.000.000,00",",00",",00",",00",",00",",00",",00"
1261,12,368,110,4410,1,0,264,0,REFORMA E RESTAURAÇÃO,EXECUÇÃO,ESCOLA,3553,Sim,Estadual,DIVERSOS MUNICÍPIOS - ESTADUAL,",00","4.000.000,00",",00",",00",",00",",00",",00",",00"
1261,12,368,110,4410,1,0,265,0,REFORMA E RESTAURAÇÃO,EXECUÇÃO,ESCOLA,3553,Sim,Estadual,DIVERSOS MUNICÍPIOS - ESTADUAL,",00","4.000.000,00",",00",",00",",00",",00",",00",",00"
1261,12,368,110,4410,1,0,266,0,REFORMA E RECUPERAÇÃO,EXECUÇÃO,ESCOLA,3553,Sim,Estadual,DIVERSOS MUNICÍPIOS - ESTADUAL,",00","559.736,00",",00",",00",",00",",00",",00",",00"
1261,12,368,110,4410,1,0,267,0,OBRA PSCIP,EXECUÇÃO,ESCOLA,3553,Sim,Estadual,DIVERSOS MUNICÍPIOS - ESTADUAL,",00","1.000.000,00",",00",",00",",00",",00",",00",",00"
1261,12,368,110,4410,1,0,268,0,REFORMA,EXECUÇÃO,ESCOLA,3553,Sim,Estadual,DIVERSOS MUNICÍPIOS - ESTADUAL,",00","580.036,00",",00",",00",",00",",00",",00",",00"
1261,12,368,110,4410,1,0,269,0,CONTENÇÃO,EXECUÇÃO,ESCOLA,3553,Sim,Estadual,DIVERSOS MUNICÍPIOS - ESTADUAL,",00","2.329.112,00",",00",",00",",00",",00",",00",",00"
1261,12,368,110,4410,1,0,270,0,CONTENÇÃO,EXECUÇÃO,ESCOLA,3553,Sim,Estadual,DIVERSOS MUNICÍPIOS - ESTADUAL,",00","4.170.715,00",",00",",00",",00",",00",",00",",00"
1261,12,368,110,4410,1,0,271,0,REFORMA,EXECUÇÃO,ESCOLA,3553,Sim,Estadual,DIVERSOS MUNICÍPIOS - ESTADUAL,",00","5.000.000,00",",00",",00",",00",",00",",00",",00"
1261,12,368,110,4410,1,0,272,0,REFORMA,EXECUÇÃO,ESCOLA,3553,Sim,Estadual,DIVERSOS MUNICÍPIOS - ESTADUAL,",00","5.000.000,00",",00",",00",",00",",00",",00",",00"
1261,12,368,110,4410,1,0,273,0,OBRA,EXECUÇÃO,ESCOLA,3553,Sim,Estadual,DIVERSOS MUNICÍPIOS - ESTADUAL,",00","264.579,00",",00",",00",",00",",00",",00",",00"
1301,8,182,100,4402,1,0,274,0,"Aquisição e liberação mediante TTGb de elementos estruturais - mata burros, vigas metálicas - bueiros armcos",INICIANDO,MUNICÍPIO,70,Não,Estadual,DIVERSOS MUNICÍPIOS - ESTADUAL,"10.000,00",",00",",00",",00",",00",",00",",00",",00"
1301,15,451,71,1063,1,0,158,0,"Pavimentação e melhoramentos de estrada vicinal no trecho Jaboticatubas-Lagoa Santa com extensão de 12,6 km.",EXECUÇÃO,PERCENTUAL,10,Não,Região Intermediária de Belo Horizonte,JABOTICATUBAS,"5.625.000,00","10.000.000,00",",00",",00",",00",",00",",00",",00"
1301,15,451,71,1063,1,0,159,0,Adequação de estradas vicinais - Limeira do Oeste III,INICIANDO,PERCENTUAL,10,Não,Região Intermediária de Uberaba,LIMEIRA DO OESTE,"15.000.000,00","28.650.000,00",",00",",00",",00",",00",",00",",00"
1301,15,451,71,1063,1,0,160,0,"Melhoramentos e Pavimentação do trecho Canápolis (Entr. MG-226) - Entr. BR-365, com 2,87 km de extensão",EXECUÇÃO,PERCENTUAL,10,Não,Região Intermediária de Uberlândia,CANÁPOLIS,"6.350.000,00","8.117.500,00",",00",",00",",00",",00",",00",",00"
1301,15,451,71,1063,1,0,161,0,Pavimentação de estradas vicinais no Estado de Minas Gerais,EXECUÇÃO,PERCENTUAL,10,Não,Região Intermediária de Juíz de Fora,PAULA CÂNDIDO,",00","6.222.701,00",",00",",00",",00",",00",",00",",00"
1301,15,451,71,1063,1,0,162,0,Melhoramento e pavimentação estradas vicinais do Estado de Minas Gerais em Varginha - Tres Pontas,EXECUÇÃO,PERCENTUAL,10,Não,Região Intermediária de Varginha,VARGINHA,"5.700.000,00","7.539.519,00",",00",",00",",00",",00",",00",",00"
1301,15,451,71,1063,1,0,163,0,Pavimentação de estradas vicinais no Estado de Minas Gerais,INICIANDO,PERCENTUAL,20,Não,Estadual,DIVERSOS MUNICÍPIOS - ESTADUAL,",00","64.956.129,00",",00",",00",",00",",00",",00",",00"
1301,15,451,71,1063,1,0,164,0,"Pavimentação de estrada vicinal em Limeira do Oeste - Etapas 1 e 2 compreendem pavimentação e melhoria de 23,2 km e construção da Ponte sobre o Rio Ribeirão Lama.",EXECUÇÃO,PERCENTUAL,10,Não,Região Intermediária de Uberaba,LIMEIRA DO OESTE,"8.805.000,00","17.675.000,00",",00",",00",",00",",00",",00",",00"
1301,15,451,71,1063,1,0,198,0,Pavimentação da Rodovia LMG 762 (Abaeté),INICIANDO,PERCENTUAL,10,Não,Região Intermediária de Divinópolis,ABAETÉ,",00","25.000.000,00",",00",",00",",00",",00",",00",",00"
1301,15,451,71,1063,1,0,199,0,Pavimentação da rodovia estadual AMG 930 (Felixlândia),INICIANDO,PERCENTUAL,10,Não,Região Intermediária de Belo Horizonte,FELIXLÂNDIA,",00","24.649.652,00",",00",",00",",00",",00",",00",",00"
1301,15,451,71,4142,1,0,138,0,"Exec. Obras do Complemento da Requalif. Urb. e Ambiental do Ribeirão Arrudas”, no trecho entre o Viaduto do Barreiro e a Av. Presidente Castelo Branco, em BH e Contagem/MG.",EXECUÇÃO,PERCENTUAL,50,Não,Região Intermediária de Belo Horizonte,CONTAGEM,",00","12.416.346,00",",00",",00",",00",",00",",00",",00"
1301,15,451,71,4143,1,0,139,0,Termo de Compromisso nº 0.292.891-31/2009 - Requalificação Urbana e Ambiental e de Controle de Cheias do Córrego Ferrugem 1ª Etapa; b) Termo de Compromisso nº 0.301.52616/2009 - FNHIS - Requalificação Urbana e Ambiental do Ribeirão Arrudas; c) Termo de Compromisso nº 0.398.476-53/12 - e Riacho das p,EXECUÇÃO,UNIDADE,1,Não,Região Intermediária de Belo Horizonte,CONTAGEM,",00","12.257.622,00",",00",",00",",00",",00",",00",",00"
1301,15,451,71,4145,1,0,335,0,REQUALIFICAÇÃO URBANA E AMBIENTAL DO CÓRREGO FERRUGEM,INICIANDO,PERCENTUAL,75,Não,Região Intermediária de Belo Horizonte,CONTAGEM,",00","14.460.000,00",",00",",00",",00",",00",",00",",00"
1301,15,451,71,4146,1,0,145,0,REMANESCENTE DAS OBRAS DE INFRAESTRUTURA PARA A CONCLUSAO DAS BACIAS DO CONTROLE DE CHEIAS DO CORREGO RIACHO DAS PEDRAS.,EXECUÇÃO,PERCENTUAL,40,Não,Região Intermediária de Belo Horizonte,CONTAGEM,",00","10.270.000,00",",00",",00",",00",",00",",00",",00"
1301,15,451,71,4147,1,0,147,0,"Obras de Contenção de encostas em Manhumirim, Lajinha, Ervália,Sabinópolis e Diogo de Vasconcelos - Intervenção em setores de risco alto e muito alto. No ambito do Programa PAC gestão de riscos e proposta a desastres.",INICIANDO,UNIDADE,1,Não,Estadual,DIVERSOS MUNICÍPIOS - ESTADUAL,"434.000,00","13.370.120,00",",00",",00",",00",",00",",00",",00"
1301,15,451,71,4147,1,0,148,0,"bras de contenção de encostas em Timóteo - Intervenção em setores de risco alto e muito alto, no âmbito do Programa PAC Gestão de Riscos e Respostas a Desastres.",EXECUÇÃO,UNIDADE,1,Não,Região Intermediária de Ipatinga,TIMÓTEO,",00","14.094.000,00",",00",",00",",00",",00",",00",",00"
1301,15,451,71,4147,1,0,149,0,"bras de contenção de encostas em Nova Lima - Intervenção em setores de risco alto e muito alto, no âmbito do Programa PAC Gestão de Riscos e Resposta a Desastres.",EXECUÇÃO,UNIDADE,1,Não,Região Intermediária de Belo Horizonte,NOVA LIMA,",00","14.058.000,00",",00",",00",",00",",00",",00",",00"
1301,15,451,71,4147,1,0,150,0,"Obras de contenção de encostas em Além Paraíba - Intervenção em setores de risco alto e muito alto, no âmbito do Programa PAC Gestão de Riscos e Resposta a Desastres.",EXECUÇÃO,UNIDADE,1,Não,Região Intermediária de Juíz de Fora,ALÉM PARAÍBA,",00","12.450.472,00",",00",",00",",00",",00",",00",",00"
1301,15,451,71,4147,1,0,151,0,"Obras de contenção de encostas em João Monlevade - Intervenção em setores de risco alto e muito alto, no âmbito do Programa PAC Gestão de Riscos e Resposta a Desastres.",EXECUÇÃO,UNIDADE,1,Não,Região Intermediária de Ipatinga,JOÃO MONLEVADE,"434.000,00","11.874.472,00",",00",",00",",00",",00",",00",",00"
1301,15,451,71,4147,1,0,152,0,"Obras de contenção de encostas em Santa Luzia - Intervenção em setores de risco alto e muito alto, no âmbito do Programa PAC Gestão de Riscos e Resposta a Desastres.",EXECUÇÃO,UNIDADE,1,Não,Região Intermediária de Belo Horizonte,SANTA LUZIA,",00","10.125.745,00",",00",",00",",00",",00",",00",",00"
1301,15,451,71,4147,1,0,153,0,"Obras de contenção de encostas em Sabará - Intervenção em setores de risco alto e muito alto, no âmbito do Programa PAC Gestão de Riscos e Resposta a Desastres.",EXECUÇÃO,UNIDADE,1,Não,Região Intermediária de Belo Horizonte,SABARÁ,",00","8.384.472,00",",00",",00",",00",",00",",00",",00"
1301,15,451,71,4147,1,0,154,0,"Obras de Contenção de encostas em Muriaé - intervenção em setores de risco alto e muito alto, no âmbito do programa PAC, gestão de riscos e resposta a desastres.",EXECUÇÃO,UNIDADE,1,Não,Região Intermediária de Juíz de Fora,MURIAÉ,",00","22.500.000,00",",00",",00",",00",",00",",00",",00"
1301,15,451,71,4147,1,0,155,0,"Obras de Contenção de encostas em Ewbank da Câmara, Matias Barbosa e Visconde do Rio Branco - Intervenção em setores de risco alto e muito alto, no ambito do programa PAC gestão de riscos e proposta a desastre.",EXECUÇÃO,UNIDADE,1,Não,Estadual,DIVERSOS MUNICÍPIOS - ESTADUAL,"434.000,00","11.581.472,00",",00",",00",",00",",00",",00",",00"
1301,15,451,71,4147,1,0,156,0,"Obras de Contenção de encostas em Ouro Preto - Intervenção em setores de risco alto e muito alto, no ambito do programa PAC gestão de riscos e resposta a desastres.",EXECUÇÃO,UNIDADE,1,Não,Região Intermediária de Belo Horizonte,OURO PRETO,",00","31.934.000,00",",00",",00",",00",",00",",00",",00"
1301,15,451,71,4147,1,0,165,0,"Execução de Obras de Contenção de Encostas em Cataguases/MG - Intervenção em setores de risco alto e muito alto, no âmbito do programa PAC Gestão de Riscos e Resposta a Desastres.",EXECUÇÃO,UNIDADE,1,Não,Região Intermediária de Juíz de Fora,CATAGUASES,",00","17.118.565,00",",00",",00",",00",",00",",00",",00"
1301,15,451,71,4147,1,0,168,0,"Obras de contenção de encostas em Ibirité - Intervenção em setores de risco alto e muito alto, no âmbito do programa PAC Gestão de Riscos e Resposta a Desastres.",INICIANDO,UNIDADE,1,Não,Região Intermediária de Belo Horizonte,IBIRITÉ,",00","31.455.000,00",",00",",00",",00",",00",",00",",00"
1301,15,451,71,4152,1,1,332,11982,Conclusão da cadeia pública de Itaúna,INICIANDO,UNIDADE,1,Não,Região Intermediária de Divinópolis,ITAÚNA,",00","2.795.642,00",",00",",00",",00",",00",",00",",00"
1301,15,451,71,4152,1,1,333,11978,Conclusão da obra da cadeia publica masculina de Ubá,EXECUÇÃO,UNIDADE,1,Não,Região Intermediária de Juíz de Fora,UBÁ,",00","10.784.704,00",",00",",00",",00",",00",",00",",00"
1301,15,451,71,4153,1,0,167,0,"Realização das obras, no Município de Contagem, para conclusão dos empreendimentos relativos aos convênios celebrados pelo Estado de Minas Gerais junto ao Governo Federal e tendo a Caixa Econômica Federal como agente financeiro",EXECUÇÃO,PERCENTUAL,100,Não,Região Intermediária de Belo Horizonte,CONTAGEM,",00","17.757.279,00",",00",",00",",00",",00",",00",",00"
1301,15,451,71,4154,1,0,171,11981,"Aquisição e liberação mediante TTGb de elementos estruturais - mata burros, vigas metálicas - bueiros armcos",INICIANDO,INSTRUMENTO JURÍDICO,100,Não,Estadual,DIVERSOS MUNICÍPIOS - ESTADUAL,"18.051.680,00",",00",",00",",00",",00",",00",",00",",00"
1301,15,451,71,4154,1,0,197,0,CONVENIO: 1301001279/2022 OBJETO: MELHORAMENTO DE VIA PÚBLICA E CONSTRUÇÃO DE PONTE QUE ABRANGE OS MUNICÍPIOS DE CONSOLAÇÃO/MG E CAMBUI.: SEI: 1300010003232/2022-58,EXECUÇÃO,INSTRUMENTO JURÍDICO,1,Não,Região Intermediária de Pouso Alegre,CAMBUÍ,",00","9.000.000,00",",00",",00",",00",",00",",00",",00"
1301,15,451,71,4527,1,0,182,0,Construção de 192 unidades habitacionais referente a 2ª etapa da Requalificação urbana e ambiental do Córrego Ferrugem,EXECUÇÃO,UNIDADE,3,Não,Região Intermediária de Belo Horizonte,CONTAGEM,",00","89.012.743,00",",00",",00",",00",",00",",00",",00"
1401,6,182,155,4508,1,0,326,12003,Obtenção de AVCB para as edificações do CBMMG por meio da contratação da elaboração de PSCIP e/ou execução desses,INICIANDO,OBRA,1,Não,Estadual,DIVERSOS MUNICÍPIOS - ESTADUAL,",00","10.000.000,00",",00",",00",",00",",00",",00",",00"
1401,6,182,155,4508,1,0,327,0,Restauração dos dois prédios do 1° Batalhão de Bombeiros Militar tombados pelo patrimônio histórico.,INICIANDO,OBRA,1,Não,Região Intermediária de Belo Horizonte,BELO HORIZONTE,",00","3.127.160,00",",00",",00",",00",",00",",00",",00"
1501,4,122,95,4385,1,0,94,0,PROJETO DA OBRA E OBRA PARA REFORMA DE PRÉDIO EM BELO HORIZONTE VISANDO AS ADEQUAÇÕES NECESSÁRIAS PARA O USO DA SUPERINTENDÊNCIA CENTRAL DE SAÚDE OCUPACIONAL E PERÍCIA MÉDICA,INICIANDO,UNIDADE,1,Sim,Região Intermediária de Belo Horizonte,BELO HORIZONTE,"10.304.410,00",",00",",00",",00",",00",",00",",00",",00"
1501,4,122,95,4385,1,0,95,0,PROJETO DA OBRA E OBRA PARA REFORMA DO NÚCLEO REGIONAL DE PERÍCIA MÉDICA DE UBERLÂNDIA PARA ADEQUAÇÃO DO IMÓVEL AS NECESSIDADES PARA ATENDIMENTO E TRABALHO,INICIANDO,UNIDADE,1,Sim,Região Intermediária de Uberlândia,UBERLÂNDIA,"962.218,00",",00",",00",",00",",00",",00",",00",",00"
1501,4,122,161,1054,1,0,334,0,ABRIGOS E CAMINHOS NA CA,INICIANDO,% DE EXECUÇÃO FÍSICA,100,Não,Região Intermediária de Belo Horizonte,BELO HORIZONTE,",00","4.000.000,00",",00","4.000.000,00",",00",",00",",00",",00"
1501,4,122,161,4480,1,0,100,0,OBRA DE ACESSIBILIDADE DA CIDADE ADMINISTRATIVA,INICIANDO,PORCENTAGEM DE OBRA REALIZADA,90,Sim,Região Intermediária de Belo Horizonte,BELO HORIZONTE,"5.490.000,00",",00",",00",",00",",00",",00",",00",",00"
1511,6,181,5,4025,1,0,331,0,OBRAS EM UNIDADES POLICIAIS NO ESTADO DE MG,INICIANDO,PROCEDIMENTO,360000,Não,Região Intermediária de Belo Horizonte,BELO HORIZONTE,",00","4.600.000,00",",00",",00",",00",",00",",00",",00"
1511,6,181,5,4533,1,0,330,0,CONSTRUÇÃO DO NÚCLEO INTEGRADO DE PERÍCIAS,INICIANDO,ETAPA,1,Não,Região Intermediária de Belo Horizonte,BELO HORIZONTE,",00","1.901.305,00",",00","22.803.265,00",",00","20.499.078,00",",00",",00"
1541,10,122,705,2500,1,0,378,0,OBRA DE INFRAESTRUTURA UNIDADE SEDE ESP/MG,INICIANDO,AÇÃO,1,Não,Região Intermediária de Belo Horizonte,BELO HORIZONTE,"1.580.644,00",",00","1.580.644,00",",00","1.580.644,00",",00","1.580.644,00",",00"
2011,10,122,11,4229,1,0,173,7881,Reformas ala B (portaria e área externa),INICIANDO,METRO QUADRADO,1320,Não,Região Intermediária de Belo Horizonte,BELO HORIZONTE,",00","6.000.000,00",",00",",00",",00",",00",",00",",00"
2011,10,122,11,4229,1,0,174,11887,Reforma da portaria principal e passarela da rua interna do HGIP.,INICIANDO,METRO QUADRADO,355,Não,Região Intermediária de Belo Horizonte,BELO HORIZONTE,",00","1.000.000,00",",00",",00",",00",",00",",00",",00"
2011,10,122,11,4229,1,0,175,11888,Reforma para mudança do SMU e Laboratorio (projeto e parte da obra),INICIANDO,METRO QUADRADO,723,Não,Região Intermediária de Belo Horizonte,BELO HORIZONTE,",00","1.000.000,00",",00",",00",",00",",00",",00",",00"
2011,10,122,11,4229,1,0,176,9999,Reforma geral em parte da área física da Endoscopia - HGIP,INICIANDO,METRO QUADRADO,215,Não,Região Intermediária de Belo Horizonte,BELO HORIZONTE,",00","500.000,00",",00",",00",",00",",00",",00",",00"
2011,10,122,11,4229,1,0,177,11894,Mudançã da Psiquiatria do HGIP para o prédio anexo - 30%,INICIANDO,METRO QUADRADO,138,Não,Região Intermediária de Belo Horizonte,BELO HORIZONTE,",00","500.000,00",",00",",00",",00",",00",",00",",00"
2011,10,122,11,4229,1,0,178,11889,Mudança da Geodont para o CEM - 20%,INICIANDO,METRO QUADRADO,174,Não,Região Intermediária de Belo Horizonte,BELO HORIZONTE,",00","1.350.000,00",",00",",00",",00",",00",",00",",00"
2011,10,122,11,4229,1,0,179,11890,Reforma e manutenção do imóvel da Agência Regional de São João de Rei,INICIANDO,METRO QUADRADO,412,Não,Região Intermediária de Barbacena,SÃO JOÃO DEL REI,",00","400.000,00",",00",",00",",00",",00",",00",",00"
2011,10,122,11,4229,1,0,180,10021,Reforma de manutenção do imóvel do Centro Regional,INICIANDO,METRO QUADRADO,1036,Não,Região Intermediária de Juíz de Fora,JUIZ DE FORA,",00","1.000.000,00",",00",",00",",00",",00",",00",",00"
2011,10,122,11,4229,1,0,181,11891,Reforma e adaptação do imóvel do DER para instalação da Agência regional do Ipsemg.,INICIANDO,METRO QUADRADO,121,Não,Região Intermediária de Juíz de Fora,PONTE NOVA,",00","250.000,00",",00",",00",",00",",00",",00",",00"
2071,19,572,1,1006,1,0,238,0,Transferência de recurso para construção do campos da UEMG,INICIANDO,% DE EXECUÇÃO FÍSICA,25,Não,Região Intermediária de Belo Horizonte,BELO HORIZONTE,"1.000,00",",00","1.000,00",",00","1.000,00",",00","1.000,00",",00"
2091,18,541,102,4273,1,0,338,0,OBRA DE DESCOMINAÇÃO POR MERCURIO,INICIANDO,UNIDADE,1,Sim,Região Intermediária de Juíz de Fora,DESCOBERTO,",00","4.000.000,00",",00",",00",",00",",00",",00",",00"
2101,18,541,104,4280,1,0,189,0,RESTAURO DO CASARÃO DO PE SERRA DO BRIGADEIRO,INICIANDO,UNIDADE,1,Sim,Região Intermediária de Juíz de Fora,ARAPONGA,",00","2.469.594,00",",00",",00",",00",",00",",00",",00"
2101,18,541,104,4280,1,0,190,0,OBRAS DE ESTRUTURAÇÃO DO PE PICO DO ITAMBÉ,INICIANDO,UNIDADE,1,Sim,Região Intermediária de Teófilo Otoni,SANTO ANTÔNIO DO ITAMBÉ,",00","2.459.155,00",",00",",00",",00",",00",",00",",00"
2101,18,541,104,4280,1,0,200,0,PROJETO E OBRA/REFORMA APA PARQUE FERNÃO DIAS,INICIANDO,UNIDADE,1,Sim,Região Intermediária de Belo Horizonte,CONTAGEM,",00","525.000,00",",00",",00",",00",",00",",00",",00"
2101,18,541,104,4283,1,0,201,0,REFORMA CETRAS BELO HORIZONTE,INICIANDO,UNIDADE,1,Sim,Região Intermediária de Belo Horizonte,BELO HORIZONTE,",00","1.085.000,00",",00",",00",",00",",00",",00",",00"
2101,18,541,104,4283,1,0,202,0,REFORMA CETRAS JUIZ DE FORA,INICIANDO,UNIDADE,1,Sim,Região Intermediária de Juíz de Fora,JUIZ DE FORA,",00","1.085.000,00",",00",",00",",00",",00",",00",",00"
2101,18,543,104,4276,1,0,191,0,PERFURAÇÃO DE POÇO ARTESIANO VIVEIRO DE CORINTO,INICIANDO,UNIDADE,1,Sim,Região Intermediária de Belo Horizonte,CORINTO,",00","30.000,00",",00",",00",",00",",00",",00",",00"
2101,18,543,104,4276,1,0,192,0,CONSTRUÇÃO DEPENDÊNCIAS E MURO VIVEIRO DE ALMENARA,INICIANDO,UNIDADE,1,Sim,Região Intermediária de Teófilo Otoni,ALMENARA,",00","461.430,00",",00",",00",",00",",00",",00",",00"
2101,18,543,104,4276,1,0,193,0,CONSTRUÇÃO DE GALPÃO E POÇO VIVEIRO MONTE CARMELO,INICIANDO,UNIDADE,1,Sim,Região Intermediária de Uberlândia,MONTE CARMELO,",00","375.715,00",",00",",00",",00",",00",",00",",00"
2261,10,122,705,2500,1,0,384,0,"Obras civis para adequação/revisão, atualização do projeto de Prevenção e Combate a Incêndio e Pânico, aprovado junto ao CBMMG. O valor será rateado nas 4 Diretorias. Projeto sofreá alterações devendo ser aprovado novamente.",INICIANDO,% DE EXECUÇÃO FÍSICA,100,Sim,Região Intermediária de Belo Horizonte,BELO HORIZONTE,"2.526.000,00",",00",",00",",00",",00",",00",",00",",00"
2261,10,303,103,4272,1,0,383,0,"Obras civis para adequação/revisão, atualização do projeto de Prevenção e Combate a Incêndio e Pânico, aprovado junto ao CBMMG. O valor será rateado nas 4 Diretorias. Projeto sofreá alterações devendo ser aprovado novamente.",INICIANDO,PERCENTUAL,90,Não,Estadual,DIVERSOS MUNICÍPIOS - ESTADUAL,"174.000,00",",00",",00",",00",",00",",00",",00",",00"
2261,10,303,116,4288,1,0,375,0,Obra de adequação do DCQ para atender a Fase III da transferência de tecnologia da Vacina Men C. Será feito um rateio entre as ações da DI.,INICIANDO,% DE EXECUÇÃO FÍSICA,100,Sim,Região Intermediária de Belo Horizonte,BELO HORIZONTE,"200.000,00",",00",",00",",00",",00",",00",",00",",00"
2261,10,303,116,4288,1,0,376,0,"Construção de refeitório, área para tratamento animal e área para resíduos na Fazenda experimental - Ação 4288",INICIANDO,% DE EXECUÇÃO FÍSICA,100,Sim,Região Intermediária de Belo Horizonte,BELO HORIZONTE,"500.000,00",",00",",00",",00",",00",",00",",00",",00"
2261,10,303,116,4288,1,0,377,10051,"Obra de adequação do bloco 11. Esta obra compreende as adequações físicas e de utilidades deste bloco para termos um novo almoxarifado de matéria prima adequado as normas vigentes.Compreende adequações em alvenaria, eletricidade, hidráulica, CFTV, HVAC, gases, dentre outras.",INICIANDO,UNIDADE,8731045,Não,Região Intermediária de Belo Horizonte,BELO HORIZONTE,"174.000,00",",00",",00",",00",",00",",00",",00",",00"
2261,10,573,76,4189,1,0,340,0,Obra de Reforma do Galpão Ciência em Movimento - Ação 4189,INICIANDO,% DE EXECUÇÃO FÍSICA,100,Sim,Estadual,DIVERSOS MUNICÍPIOS - ESTADUAL,"255.900,00",",00",",00",",00",",00",",00",",00",",00"
2271,10,302,45,4174,1,0,348,0,Intervenções de Infraestrutura Predial no Hospital João Paulo II.,INICIANDO,NÚMERO DE PACIENTES-DIA,157272,Não,Região Intermediária de Belo Horizonte,BELO HORIZONTE,",00","7.718.607,00",",00","12.489.000,00",",00",",00",",00",",00"
2271,10,302,45,4178,1,0,349,0,Intervenções de Infraestrutura Predial no Hospital Júlia kubitschek.,INICIANDO,NÚMERO DE PACIENTES-DIA,84572,Não,Região Intermediária de Belo Horizonte,BELO HORIZONTE,",00","5.030.000,00",",00","10.898.000,00",",00",",00",",00",",00"
2301,26,782,71,4477,1,0,209,0,"CONCLUSAO DA CONSTRUCAO DO HOSPITAL REGIONAL DE GOVERNADOR VALADARES, EXECUCAO DO TREVO E DA TOTATORIA NA BR-16-KM407 E EXECUCAO DO ACESSO.",EXECUÇÃO,UNIDADE,1,Sim,Estadual,DIVERSOS MUNICÍPIOS - ESTADUAL,",00","35.199.000,00",",00","33.809.845,00",",00",",00",",00",",00"
2301,26,782,81,4183,1,0,285,10398,"Execução dos serviços de manutenção roroviária, conservação rotineira e periódica, serviços de urgência e pequenos melhoramentos, bem como reparações do corpo estradal e seus dispositivos, a execução dos serviços descritos está restrita ao âmbito de circunscrição da 1ª CRG do DEER/MG-Belo Horizonte",EXECUÇÃO,QUILÔMETRO,843,Não,Região Intermediária de Belo Horizonte,BELO HORIZONTE,",00","9.102.261,00",",00",",00",",00",",00",",00",",00"
2301,26,782,81,4183,1,0,286,0,"Execução dos serviços de manutenção rodoviária, conservação rotineira e periódica, serviços de urgência e pequenos melhoramentos, bem como reparações do corpo estradal e seus dispositivos. A execução dos serviços descritos está restrita ao âmbito de circunscrição da 2ª RRG - Guanhães / Metropolitana",EXECUÇÃO,QUILÔMETRO,718,Não,Região Intermediária de Governador Valadares,GUANHÃES,",00","7.755.673,00",",00",",00",",00",",00",",00",",00"
2301,26,782,81,4183,1,0,287,0,"PRC-22.041/2017 - Serviços de manutenção rodoviária, conservação rotineira e periódica, serviços de urgência e pequenos melhoramentos, bem como reparações do corpo estradal e seus dispositivos, a execução dos serviços descritos está restrita ao âmbito de circunscrição da 03ª RRG - Pará de Minas.",EXECUÇÃO,QUILÔMETRO,484,Não,Região Intermediária de Divinópolis,PARÁ DE MINAS,",00","5.229.065,00",",00",",00",",00",",00",",00",",00"
2301,26,782,81,4183,1,0,288,0,"Serviços de manutenção rodoviária, conservação rotineira e periódica, serviços de urgência e pequenos melhoramentos, bem como reparações do corpo estradal e seus dispositivos. A execução dos serviços descritos está restrita ao âmbito de circunscrição da 4ª CRG - Barbacena / Vertentes do DEER/MG.",EXECUÇÃO,QUILÔMETRO,822,Não,Região Intermediária de Barbacena,BARBACENA,",00","8.867.942,00",",00",",00",",00",",00",",00",",00"
2301,26,782,81,4183,1,0,289,0,"Execução dos serviços de manutenção rodoviária, conservação rotineira e periódica, serviços de urgência e pequenos melhoramentos, bem como reparações do corpo estradal e seus dispositivos. A execução dos serviços descritos está restrita ao âmbito de circunscrição da 5ª RRG.",EXECUÇÃO,QUILÔMETRO,737,Não,Região Intermediária de Juíz de Fora,UBÁ,",00","7.951.695,00",",00",",00",",00",",00",",00",",00"
2301,26,782,81,4183,1,0,290,0,"Execução dos serviços de manutenção rodoviária, conservação rotineira e periódica, serviços de urgência e pequenos melhoramentos, bem como reparações do corpo estradal e seus dispositivos. A execução dos serviços descritos está restrita ao âmbito de circunscrição da 06ª CRG - MONTES CLAROS / NORTE",EXECUÇÃO,QUILÔMETRO,713,Não,Região Intermediária de Montes Claros,MONTES CLAROS,",00","7.693.101,00",",00",",00",",00",",00",",00",",00"
2301,26,782,81,4183,1,0,291,0,"Serviços de manutenção rodoviária, conservação rotineira e periódica, serviços de urgência e pequenos melhoramentos, bem como reparações do corpo estradal e seus dispositivos. A execução dos serviços descritos está restrita ao âmbito de circunscrição da 07ª RRG - Araxá / Triângulo Sul do DEER/MG.",EXECUÇÃO,QUILÔMETRO,503,Não,Região Intermediária de Uberaba,ARAXÁ,",00","5.433.826,00",",00",",00",",00",",00",",00",",00"
2301,26,782,81,4183,1,0,292,0,"Execução de serviços de manutenção rodoviária, conservação rotineira e periódica, serviços de urgência e pequenos melhoramentos bem como reparações do corpo estradal e seus dispositivos. A execução dos serviços descritos está restrita ao âmbito de circunscrição da 8ªCRG-Diamantina/Alto jequitinhonha",EXECUÇÃO,QUILÔMETRO,719,Não,Região Intermediária de Teófilo Otoni,DIAMANTINA,",00","7.766.461,00",",00",",00",",00",",00",",00",",00"
2301,26,782,81,4183,1,0,293,0,"Serviços de manutenção rodoviária, conservação rotineira e periódica, serviços de urgência e pequenos melhoramentos , bem como reparações do corpo estradal e seus dispositivos. A execução dos serviços descritos está restrita ao âmbito de circunscrição da 9ª CRG - Curvelo/CENTRAL",EXECUÇÃO,QUILÔMETRO,507,Não,Região Intermediária de Belo Horizonte,CURVELO,",00","5.476.116,00",",00",",00",",00",",00",",00",",00"
2301,26,782,81,4183,1,0,294,0,"Execução dos serviços de manutenção rodoviária, conservação rotineira e periódica, serviços de urgência e pequenos melhoramentos, bem como reparações do corpo estradal e seus dispositivos, a execução dos serviços descritos está restrita ao âmbito de circunscrição da 10ª CRG do DEER/MG.",EXECUÇÃO,QUILÔMETRO,711,Não,Região Intermediária de Varginha,VARGINHA,",00","7.677.998,00",",00",",00",",00",",00",",00",",00"
2301,26,782,81,4183,1,0,295,0,"Execução dos serviços de manutenção rodoviária, conservação rotineira e periódica, serviços de urgência e pequenos melhoramentos, bem como reparações do corpo estradal e seus dispositivos. A execução dos serviços descritos está restrita ao âmbito de circunscrição da 11ª CRG.",EXECUÇÃO,QUILÔMETRO,562,Não,Região Intermediária de Uberlândia,UBERLÂNDIA,",00","6.071.088,00",",00",",00",",00",",00",",00",",00"
2301,26,782,81,4183,1,0,296,0,"Execução dos serviços de manutenção rodoviária, conservação rotineira e periódica, serviços de urgência e pequenos melhoramentos, bem como reparações do corpo estradal e seus dispositivos. A execução dos serviços descritos está restrita ao âmbito de circunscrição da 12ª RRG - Itabira.",EXECUÇÃO,QUILÔMETRO,669,Não,Região Intermediária de Belo Horizonte,ITABIRA,",00","7.219.497,00",",00",",00",",00",",00",",00",",00"
2301,26,782,81,4183,1,0,297,0,"Execução de serviços de manutenção rodoviária, conservação rotineira e periódica, serviços de urgência e pequenos melhoramentos, bem como reparações do corpo estradal e seus dispositivos. A execução dos serviços descritos está restrita ao âmbito de circunscrição da 13ª RRG - Brasília de Minas",EXECUÇÃO,QUILÔMETRO,707,Não,Região Intermediária de Montes Claros,BRASÍLIA DE MINAS,",00","7.628.479,00",",00",",00",",00",",00",",00",",00"
2301,26,782,81,4183,1,0,298,0,"Serviços de manutenção rodoviária, conservação rotineira e periódica, serviços de urgência e pequenos melhoramentos, bem como reparações do corpo estradal e seus dispositivos. A execução dos serviços descritos está restrita ao âmbito de circunscrição da 14ª RRG - Patos de Minas/Noroeste, do DEER/MG",EXECUÇÃO,QUILÔMETRO,497,Não,Região Intermediária de Patos de Minas,PATOS DE MINAS,",00","5.369.312,00",",00",",00",",00",",00",",00",",00"
2301,26,782,81,4183,1,0,299,0,"Execução dos serviços de manutenção rodoviária, conservação rotineira e periódica, serviços de urgência e pequenos melhoramentos, bem como reparações do corpo estradal e seus dispositivos. A execução dos serviços descritos está restrita ao âmbito de circunscrição da 15ª RRG - Poços de Caldas.",EXECUÇÃO,QUILÔMETRO,695,Não,Região Intermediária de Pouso Alegre,POÇOS DE CALDAS,",00","7.503.228,00",",00",",00",",00",",00",",00",",00"
2301,26,782,81,4183,1,0,300,0,"Execução dos serviços de manutenção rodoviária, conservação rotineira e periódica, serviços de urgência e pequenos melhoramentos, bem como reparações do corpo estradal e seus dispositivos, a execução dos serviços descritos está restrita ao âmbito de circunscrição da 16ª RRG - Oliveira do DEER/MG.",EXECUÇÃO,QUILÔMETRO,584,Não,Região Intermediária de Divinópolis,OLIVEIRA,",00","6.305.732,00",",00",",00",",00",",00",",00",",00"
2301,26,782,81,4183,1,0,301,0,"DM-22.009/2020 - Exec. dos serviços de manutenção rodoviária de natureza continuada para conservação rotineira e periódica, serviços de urgência e pequenos melhoramentos, bem como reparações do corpo estradal e seus dispositivos. A execução dos serviços está restrita a 17ªURG - Ponte Nova do DER/MG",EXECUÇÃO,QUILÔMETRO,800,Não,Região Intermediária de Juíz de Fora,PONTE NOVA,",00","8.631.679,00",",00",",00",",00",",00",",00",",00"
2301,26,782,81,4183,1,0,302,0,"Execução dos serviços de manutenção rodoviária de natureza continuada para conservação rotineira e periódica, serviços de urgência e pequenos melhoramentos, bem como reparações do corpo estradal e seus dispositivos restrita ao âmbito da 18ª URG - Monte Carmelo do DER/MG.",EXECUÇÃO,QUILÔMETRO,605,Não,Região Intermediária de Uberlândia,MONTE CARMELO,",00","6.531.207,00",",00",",00",",00",",00",",00",",00"
2301,26,782,81,4183,1,0,303,0,"Manutenção rodoviária, conservação rotineira e periódica, serviços de urgência e pequenos melhoramentos, bem como reparações do corpo estradal e seus dispositivos. A execução dos serviços descritos está restrita ao âmbito de circunscrição da 19ª RRG do DEER/MG - Itajubá / Sul.",EXECUÇÃO,QUILÔMETRO,699,Não,Região Intermediária de Pouso Alegre,ITAJUBÁ,",00","7.544.763,00",",00",",00",",00",",00",",00",",00"
2301,26,782,81,4183,1,0,304,0,"Execução dos serviços de manutenção rodoviária de natureza continuada para conservação rotineira e periódica, serviços de urgência e pequenos melhoramentos, bem como reparações do corpo estradal e seus dispositivos sob ao âmbito de circunscrição da 20ª URG do DER/MG.",EXECUÇÃO,QUILÔMETRO,653,Não,Região Intermediária de Divinópolis,FORMIGA,",00","7.045.806,00",",00",",00",",00",",00",",00",",00"
2301,26,782,81,4183,1,0,305,0,"Execução dos serviços de manutenção rodoviária, conservação rotineira e periódica, serviços de urgência e pequenos melhoramentos, bem como reparações do corpo estradal e seus dispositivos. A execução dos serviços descritos está restrita ao âmbito de circunscrição da 21ª RRG- JEQUITINHONHA do DEER/MG",EXECUÇÃO,QUILÔMETRO,458,Não,Região Intermediária de Teófilo Otoni,JEQUITINHONHA,",00","4.946.413,00",",00",",00",",00",",00",",00",",00"
2301,26,782,81,4183,1,0,306,0,MANUTENÇÃO E CONSERVAÇÃO RODOVIÁRIA DA 22ª CRG - ARAÇUAÍ / MÉDIO E BAIXO JEQUITINHONHA .,EXECUÇÃO,QUILÔMETRO,440,Não,Região Intermediária de Teófilo Otoni,ARAÇUAÍ,",00","4.751.145,00",",00",",00",",00",",00",",00",",00"
2301,26,782,81,4183,1,0,307,0,"Serviços de menutenção rodoviária, conservação rotineira e periódica, serviços de urgência e pequenos melhoramentos, bem como reparações do corpo estradal e seus dispositivos. A execução dos serviços descritos está restrita ao âmbito da 23ª CRG - Governador Valadares/Vale do Rio Doce, do DEER/MG.",EXECUÇÃO,QUILÔMETRO,806,Não,Região Intermediária de Governador Valadares,GOVERNADOR VALADARES,",00","8.705.039,00",",00",",00",",00",",00",",00",",00"
2301,26,782,81,4183,1,0,308,0,"Execução dos serviços de manutenção rodoviária de natureza continuada para conservação rotineira e periódica, serviços de urgência e pequenos melhoramentos, bem como reparações do corpo estradal e seus dispositivos, sob circunscrição da 24ª URG do DER/MG.",EXECUÇÃO,QUILÔMETRO,478,Não,Região Intermediária de Varginha,PASSOS,",00","5.160.020,00",",00",",00",",00",",00",",00",",00"
2301,26,782,81,4183,1,0,309,0,"Execução dos serviços de manutenção rodoviária, conservação rotineira e periódica, serviços de urgência e pequenos melhoramentos, bem como reparações do corpo estradal e seus dispositivos, a execução dos serviços descritos está restrita ao âmbito de circunscrição da 26ª CRG - PARACATU do DEER/MG.",EXECUÇÃO,QUILÔMETRO,954,Não,Região Intermediária de Uberaba,UBERABA,",00","10.298.679,00",",00",",00",",00",",00",",00",",00"
2301,26,782,81,4183,1,0,310,0,"Execução dos serviços de manutenção rodoviária de natureza continuada para conservação rotineira e periódica, serviços de urgência e pequenos melhoramentos, bem como reparações do corpo estradal e seus dispositivos restrita ao âmbito de circunscrição da 26ª URG - Paracatu do DER/MG.",EXECUÇÃO,QUILÔMETRO,666,Não,Região Intermediária de Patos de Minas,PARACATU,",00","7.190.369,00",",00",",00",",00",",00",",00",",00"
2301,26,782,81,4183,1,0,311,0,"Serviços de manutenção rodoviária, conservação rotineira e periódica, serviços de urgência e pequenos melhoramentos, bem como reparações do corpo estradal e seus dispositivos; a execução dos serviços descritos está restrita ao âmbito de circunscrição da 27RRG do DEER/MG - Pedra Azul.",EXECUÇÃO,QUILÔMETRO,552,Não,Região Intermediária de Teófilo Otoni,PEDRA AZUL,",00","5.959.969,00",",00",",00",",00",",00",",00",",00"
2301,26,782,81,4183,1,0,312,0,"Execução de serviços de manutenção rodoviária, conservação rotineira e periódica, serviços de urgência e pequenos melhoramentos, bem como reparações do corpo estradal e seus dispositivos, a execução dos serviços descritos está restrita ao âmbito da circunscrição da 28 CRG - Teofilo Otoni / Mucuri",EXECUÇÃO,QUILÔMETRO,654,Não,Região Intermediária de Teófilo Otoni,TEÓFILO OTONI,",00","7.056.594,00",",00",",00",",00",",00",",00",",00"
2301,26,782,81,4183,1,0,313,0,"serviços de Manutenção rodoviária de natureza continuada para conservação rotineira e periódica, serviços de urgência e pequenos melhoramentos, bem como reparação do corpo estradal e seus dispositivos sob circunscrição da 29ª URG - Manhumirim",EXECUÇÃO,QUILÔMETRO,635,Não,Região Intermediária de Juíz de Fora,MANHUMIRIM,",00","6.861.219,00",",00",",00",",00",",00",",00",",00"
2301,26,782,81,4183,1,0,314,0,"DM-22.003/2020 - execucao dos serviços de manutencao rodoviaria de natureza continuada para conservacao rotineira e periodica, serviços de urgencia e pequenos melhoramentos, bem como reparacoes do corpo estradal e seus dispositivosda 30ª URG - Juiz de Fora do DER/MG.",EXECUÇÃO,QUILÔMETRO,798,Não,Região Intermediária de Juíz de Fora,JUIZ DE FORA,",00","8.613.339,00",",00",",00",",00",",00",",00",",00"
2301,26,782,81,4183,1,0,315,0,"Execução dos serviços de manutenção rodoviária de natureza continuada para conservação rotineira e periódica, serviços de urgência e pequenos melhoramentos, bem como reparações do corpo estradal e seus dispositivos sob circunscrição da 31ª URG do DER/MG.",EXECUÇÃO,QUILÔMETRO,594,Não,Região Intermediária de Uberlândia,ITUIUTABA,",00","6.408.221,00",",00",",00",",00",",00",",00",",00"
2301,26,782,81,4183,1,0,316,0,"Execução dos serviços de manutenção rodoviária, conservação rotineira e periódica, serviços de urgência e pequenos melhoramentos, bem como reparações do corpo estradal e seus dispositivos. A execução dos serviços descritos está restrita ao âmbito de circunscrição da 32ª RRG - Janaúba",EXECUÇÃO,QUILÔMETRO,676,Não,Região Intermediária de Montes Claros,JANAÚBA,",00","7.297.172,00",",00",",00",",00",",00",",00",",00"
2301,26,782,81,4183,1,0,317,0,"EDITAL 017/17. Execução dos serviços de manutenção rodoviária, conservação rotineira e periódica, serviços de urgência e pequenos melhoramentos, bem como reparações do corpo estradal e seus dispositivos, a execução dos serviços descritos está restrita ao âmbito de circunscrição da 33ª RRG - Pirapora",EXECUÇÃO,QUILÔMETRO,544,Não,Região Intermediária de Montes Claros,PIRAPORA,",00","5.868.808,00",",00",",00",",00",",00",",00",",00"
2301,26,782,81,4183,1,0,318,0,"Execução dos serviços de manutenção rodoviária de natureza continuada para conservação rotineira e periódica, serviços de urgência e pequenos melhoramentos, bem como reparações do corpo estradal e seus dispositivos. A execução está restrita ao âmbito de circunscrição da 34ª URG - Salinas do DER/MG.",EXECUÇÃO,QUILÔMETRO,558,Não,Região Intermediária de Montes Claros,SALINAS,",00","6.028.474,00",",00",",00",",00",",00",",00",",00"
2301,26,782,81,4183,1,0,319,0,"Contrato PRC-22.034-17, para execução de serviços de manutenção rodoviária, conservação rotineira e periódica, serviços de urgência e pequenos melhoramentos, bem como reparações do corpo estradal e seus dispositivos. 35ª RRG - Abaeté / CENTRAL DEER/MG",EXECUÇÃO,QUILÔMETRO,571,Não,Região Intermediária de Divinópolis,ABAETÉ,",00","6.163.327,00",",00",",00",",00",",00",",00",",00"
2301,26,782,81,4183,1,0,320,0,"Serviços de Manutenção rodoviária, conservação rotineira e periódica, serviços de urgência e pequenos melhoramentos, bem como reparações do corpo estradal e seus dispositivos. Serviços de urgência e pequenos melhoramentos, bem como reparações do corpo estradal e seus dispositivos. Arinos.",EXECUÇÃO,QUILÔMETRO,680,Não,Região Intermediária de Patos de Minas,ARINOS,",00","7.342.483,00",",00",",00",",00",",00",",00",",00"
2301,26,782,81,4183,1,0,321,0,"EDITAL 015/17. Execução dos serviços de manutenção rodoviária, conservação rotineira e periódica, serviços de urgência e pequenos melhoramentos, bem como reparações do corpo estradal e seus dispositivos, a execução dos serviços descritos está restrita ao âmbito de circunscrição da 38ª RRG-Capelinha",EXECUÇÃO,QUILÔMETRO,553,Não,Região Intermediária de Montes Claros,JANUÁRIA,",00","5.969.139,00",",00",",00",",00",",00",",00",",00"
2301,26,782,81,4183,1,0,322,0,"Serviços de manutenção rodoviária, conservação rotineira e periódica, serviços de urgência e pequenos melhoramentos, bem como reparações do corpo estradal e seus dispositivos. A execução dos serviços descritos está restrita ao âmbito de circunscrição da 38ª RRG do DEER/MG - Capelinha/MG.",EXECUÇÃO,QUILÔMETRO,634,Não,Região Intermediária de Teófilo Otoni,CAPELINHA,",00","6.849.136,00",",00",",00",",00",",00",",00",",00"
2301,26,782,81,4183,1,0,323,0,"Execução dos serviços de manutenção rodoviária, conservação rotineira e periódica, serviços de urgência e pequenos melhoramentos, bem como reparações do corpo estradal e seus dispositivos. A execução dos serviços descritos está restrita ao âmbito de circunscrição da 39ª RRG- João Pinheiro do DEER/MG",EXECUÇÃO,QUILÔMETRO,692,Não,Região Intermediária de Patos de Minas,JOÃO PINHEIRO,",00","7.471.942,00",",00",",00",",00",",00",",00",",00"
2301,26,782,81,4183,1,0,324,0,"Execução dos serviços de manutenção rodoviária, conservação rotineira e periódica, serviços de urgência e pequenos melhoramentos, bem como reparações do corpo estradal e seus dispositivos. A execução dos serviços descritos está restrita ao âmbito de circunscrição da 40ª CRG - CORONEL FABRICIANO.",EXECUÇÃO,QUILÔMETRO,41,Não,Região Intermediária de Ipatinga,CORONEL FABRICIANO,",00","6.230.214,00",",00",",00",",00",",00",",00",",00"
2301,26,782,81,4183,1,0,325,0,"Execuçãodos serviços de manutenção rodoviária de natureza continuada para conservação rotineira e periódica, serviços de urgência e pequenos melhoramentos, bem como reparações do corpo estradal e seus dispositivos, na Linha Verde e Complexo Viário da Cidade Administrativa (1ª CRG do DEER/MG).",EXECUÇÃO,QUILÔMETRO,42,Não,Região Intermediária de Belo Horizonte,BELO HORIZONTE,",00","5.447.778,00",",00",",00",",00",",00",",00",",00"
2301,26,782,81,4227,1,0,275,0,"Melhoramentos e Pavimentação do trecho Jaboticatubas (Entr. MG-020) - Lagoa Santa (Entr. MG-010), com 14,0 km de extensão, em rodovia municipal",INICIANDO,QUILÔMETRO,4,Não,Região Intermediária de Belo Horizonte,JABOTICATUBAS,",00","9.359.112,00",",00",",00",",00",",00",",00",",00"
2301,26,782,81,4227,1,0,276,0,PRC-22.016/13- Araguari (Entrº BR/050) - Entrº BR/365 e Contorno Sul de Uberlândia - Rod.do Contorno,EXECUÇÃO,% DE EXECUÇÃO FÍSICA,5,Sim,Região Intermediária de Uberlândia,UBERLÂNDIA,",00","370.324,00",",00",",00",",00",",00",",00",",00"
2301,26,782,81,4227,1,0,277,0,"PRC-22.006/2018 - Complementação dos serviços de Melhoramento, Pavimentação, Aumento de Capacidade e OAEs no trecho Entr° BR/381 – Itabira e Contorno de Itabira, com extensão de 36,36 km, na Rodovia MG/434;",INICIANDO,QUILÔMETRO,2,Não,Região Intermediária de Belo Horizonte,ITABIRA,",00","11.355.465,00",",00",",00",",00",",00",",00",",00"
2301,26,782,81,4227,1,0,278,0,"DC-012/2022 - MELHORAMENTO E PAVIMENTAÇÃO DE RODOVIA MUNICIPAL, TRECHO SÃO PEDRO DA GARÇA - ENTR° LMG/631 (P/ SÃO JOÃO DA PONTE), COM 4,16 KM DE EXTENSÃO.",EXECUÇÃO,QUILÔMETRO,3,Não,Região Intermediária de Montes Claros,SÃO JOÃO DA PONTE,",00","5.261.152,00",",00",",00",",00",",00",",00",",00"
2301,26,782,81,4227,1,0,279,7877,PRC-22.047/12 - Execução dos trabalhos de melhoramento e pavimentação do trecho SABARÁ - NOVA LIMA.,INICIANDO,QUILÔMETRO,4,Não,Região Intermediária de Belo Horizonte,NOVA LIMA,",00","25.400.000,00",",00",",00",",00",",00",",00",",00"
2301,26,782,81,4227,1,0,280,0,PRC-22.054/13 - TRECHO ENTRº LMG/690 (PARACATU) - ENTRº ENTRE RIBEIROS - ENTRº MG/181,INICIANDO,QUILÔMETRO,8,Não,Estadual,DIVERSOS MUNICÍPIOS - ESTADUAL,",00","20.000.000,00",",00",",00",",00",",00",",00",",00"
2301,26,782,81,4227,1,0,281,0,"Recuperação Funcional do Pavimento nos trechos: Águas Formosas - Pavão, com 45,60 km de extensão, na Rodovia MG/105 e Entr° BR/116 (p/ Teófilo Otoni) - Pavão, com 76,30 km de extensão, na Rodovia MG/409",EXECUÇÃO,QUILÔMETRO,1,Não,Região Intermediária de Teófilo Otoni,ÁGUAS FORMOSAS,",00","1.293.361,00",",00",",00",",00",",00",",00",",00"
2301,26,782,81,4227,1,0,282,0,"Recuperação funcional do pavimento no trecho Serro (final calçamento) estaca 2885 - distrito Dep. Augusto Clementino (início calçamento) estaca 2205, extensão de 13,6 km, na rodovia MG-010",INICIANDO,QUILÔMETRO,1,Não,Região Intermediária de Teófilo Otoni,SERRO,",00","392.704,00",",00",",00",",00",",00",",00",",00"
2301,26,782,81,4227,1,0,283,0,Serro (Alça Bairro Machadinho),INICIANDO,QUILÔMETRO,1,Não,Região Intermediária de Teófilo Otoni,SERRO,",00","518.380,00",",00",",00",",00",",00",",00",",00"
2301,26,782,81,4227,1,0,284,0,Serro (Contorno Sul) (recuperação funcional),INICIANDO,QUILÔMETRO,1,Não,Região Intermediária de Teófilo Otoni,SERRO,",00","280.777,00",",00",",00",",00",",00",",00",",00"
2301,26,782,81,4248,1,0,212,0,Araçaí - Sete Lagoas,EXECUÇÃO,PROJETO,1,Não,Região Intermediária de Belo Horizonte,BELO HORIZONTE,",00","1.257.286,00",",00",",00",",00",",00",",00",",00"
2301,26,782,81,4248,1,0,213,0,ENTRº.. BR 040 - DISTRITO DE SÃO JOSÉ DO BURITI (FELIXLÂNDIA),INICIANDO,PROJETO,1,Não,Região Intermediária de Belo Horizonte,BELO HORIZONTE,",00","1.250.000,00",",00",",00",",00",",00",",00",",00"
2301,26,782,81,4248,1,0,214,0,Obra de arte especial e variante no trecho Inhaúma - Papagaios (Ponte sobre o Rio Paraopeba),EXECUÇÃO,PROJETO,1,Não,Região Intermediária de Belo Horizonte,BELO HORIZONTE,",00","1.093.087,00",",00",",00",",00",",00",",00",",00"
2301,26,782,81,4323,1,0,215,0,PRC-22.038/12 - Melhoramento e pavimentação ENTRº BR/262 - ENTRº SÃO JOSÉ DO GOIABAL - CAVA GRANDE,EXECUÇÃO,QUILÔMETRO,16,Não,Região Intermediária de Ipatinga,DIVERSOS MUNICÍPIOS - REGIÃO INTERMEDIÁRIA DE IPATINGA,",00","40.496.505,00",",00",",00",",00",",00",",00",",00"
2301,26,782,81,4554,1,0,227,11928,"DC-020/2022- Melhoramento e pavimentação do trecho Pintópolis - Urucuia, extensão de 73,14 km, na rodovia MG-402.",EXECUÇÃO,QUILÔMETRO,35,Não,Região Intermediária de Montes Claros,PINTÓPOLIS,",00","52.491.663,00",",00",",00",",00",",00",",00",",00"
2301,26,782,81,4554,1,0,228,0,"DC-005/2022-ENCABEÇAMENTOS DA PONTE SOBRE O RIBEIRÃO JARDIM (54,00 X 10,00 M), NO TRECHO PIMENTA - ENTR. BR-265 (GUAPÉ), ESTACA 2121+18,00, RODOVIA MG-170 E A COMPLEMENTAÇÃO DA CONSTRUÇÃO DA PONTE SOBRE O CÓRREGO GRANDE OU CACHOEIRA, DIMENSÕES (30,00X10,00 M), NO TRECHO PIMENTA - ENTR. BR-265",EXECUÇÃO,UNIDADE,1,Sim,Região Intermediária de Varginha,GUAPÉ,",00","2.865.463,00",",00",",00",",00",",00",",00",",00"
2301,26,782,81,4554,1,0,229,0,"DC 006-2022-COMPLEMENTAÇÃO DOS TRABALHOS DE MELHORAMENTO E PAVIMENTAÇÃO DO TRECHO ENTR. ENTRE RIBEIROS (DISTRITO PARACATU) - ENTR. MG-181, (ESTACA 1.250 A 3.271), COM 40,42 KM, NA RODOVIA LMG-680.",EXECUÇÃO,QUILÔMETRO,1,Não,Região Intermediária de Patos de Minas,PARACATU,",00","16.440.000,00",",00",",00",",00",",00",",00",",00"
2301,26,782,81,4554,1,0,230,0,"DC-021/2021 - Construção da Ponte sobre o Rio São Francisco com dimensão de 1.120,00m x 13,80m e melhoramento e pavimentação da variante de acesso à Ponte sobre o Rio São Francisco, com 3,060 km de extensão, no trecho São Francisco - Pintópolis, na Rodovia MG/402",EXECUÇÃO,QUILÔMETRO,1,Não,Região Intermediária de Montes Claros,PINTÓPOLIS,",00","77.365.187,00",",00",",00",",00",",00",",00",",00"
2301,26,782,81,4554,1,0,231,0,"DC-003/2022-Complementação da execução dos serviços de apoio a supervisão de obras rodoviárias e OAESs no trecho Caeté - Barão de Cocais e Contorno de Barão de Cocais, na Rodovia MGC-262.",EXECUÇÃO,QUILÔMETRO,10,Não,Região Intermediária de Belo Horizonte,BARÃO DE COCAIS,",00","57.360.000,00",",00",",00",",00",",00",",00",",00"
2301,26,782,81,4554,1,0,232,0,"Projeto de Engenharia Rodoviária para Implantação, Melhoramento, Pavimentação e Obra de Arte Especial do Trecho Entrº MGC/135 (Manga) - Porto de Matias Cardoso (Ponte sobre o Rios São Francisco) e Variante, na Rodovia MG/401.",EXECUÇÃO,QUILÔMETRO,1,Sim,Região Intermediária de Montes Claros,MANGA,",00","1.435.689,00",",00",",00",",00",",00",",00",",00"
2301,26,782,81,4554,1,0,233,0,SÃO ROMÃO - ENTRº. MG 161,INICIANDO,QUILÔMETRO,1,Sim,Região Intermediária de Montes Claros,SÃO ROMÃO,",00","3.480.874,00",",00",",00",",00",",00",",00",",00"
2301,26,782,81,4554,1,0,234,0,Araçaí - Sete Lagoas,EXECUÇÃO,QUILÔMETRO,1,Não,Região Intermediária de Belo Horizonte,SETE LAGOAS,",00","891.604,00",",00",",00",",00",",00",",00",",00"
2301,26,782,81,4554,1,0,235,0,Ponte Rio Paraopeba,EXECUÇÃO,QUILÔMETRO,1,Sim,Região Intermediária de Belo Horizonte,BELO HORIZONTE,",00","9.350.348,00",",00",",00",",00",",00",",00",",00"
2301,26,782,81,4554,1,0,236,0,"PRC-22.028/2018 - Melhoramento e pavimentação do trecho Papagaios – Pompéu, extensão de 44,78 km, na Rodovia MG/060",EXECUÇÃO,QUILÔMETRO,10,Não,Região Intermediária de Divinópolis,POMPÉU,",00","30.000.000,00",",00","35.000.000,00",",00","35.000.000,00",",00",",00"
2301,26,782,81,4554,1,0,237,0,"Melhoramentos e Pavimentação do trecho Morada Nova de Minas - Entr. BR-040, com 36,85 km de extensão , na rodovia MG-415",INICIANDO,QUILÔMETRO,15,Não,Região Intermediária de Divinópolis,MORADA NOVA DE MINAS,",00","33.000.000,00",",00","32.000.000,00",",00","27.500.000,00",",00",",00"
2301,26,782,81,4555,1,0,216,0,"Recuperação Funcional do Pavimento nas Rodovias AMG-0705 e AMG-0715, trechos Entrº AMG-0710 - Entrº AMG-0715 e Entrº AMG-0705 - Entrº MG-428 (Franca), extensão 5,35 km. A execução dos serviços descritos está restrita ao âmbito de circunscrição da 7ª URG do DER/MG – ARAXÁ.",EXECUÇÃO,QUILÔMETRO,1,Não,Região Intermediária de Varginha,PASSOS,",00","947.310,00",",00",",00",",00",",00",",00",",00"
2301,26,782,81,4555,1,0,217,0,"Execução dos serviços de Recuperação Funcional do Pavimento na Rodovia MG-275, trecho Capela Nova - Entrº BR-040 (Carandaí). A execução dos serviços descritos está restrita ao âmbito de circunscrição da 04ª URG do DER/MG - BARBACENA.",EXECUÇÃO,QUILÔMETRO,10,Não,Região Intermediária de Barbacena,CAPELA NOVA,",00","4.945.210,00",",00",",00",",00",",00",",00",",00"
2301,26,782,81,4555,1,0,218,0,"Recuperação Funcional do Pavimento na Rodovia MG-311, trecho Entrº BR-116 ( Campanário) - Pescador, com 20,6 km de extensão",EXECUÇÃO,QUILÔMETRO,10,Não,Região Intermediária de Teófilo Otoni,PESCADOR,",00","8.805.346,00",",00",",00",",00",",00",",00",",00"
2301,26,782,81,4555,1,0,219,0,"Recuperação funcional do pavimento na rodovia LMG-633, trecho MG-401 - Mocambinho",EXECUÇÃO,QUILÔMETRO,10,Não,Região Intermediária de Montes Claros,PORTEIRINHA,",00","5.500.686,00",",00",",00",",00",",00",",00",",00"
2301,26,782,81,4555,1,0,220,0,"Execução dos serviços de recuperação funcional do pavimento do trecho Entrº MGT-342 B (p/Cel. Murta) - Virgem da Lapa, na rodovia MGC367, com 31,20 km de extensão, bem como a construção de alas de galeria em Gabião e Colchão Reno nos quilômetros 320 e 325",EXECUÇÃO,QUILÔMETRO,1,Não,Região Intermediária de Teófilo Otoni,VIRGEM DA LAPA,",00","2.175.476,00",",00",",00",",00",",00",",00",",00"
2301,26,782,81,4555,1,0,221,0,"Execução dos serviços de Recuperação Funcional do Pavimento na Rodovia MG-338, trecho Ibertioga -Campolide",EXECUÇÃO,QUILÔMETRO,1,Não,Região Intermediária de Barbacena,IBERTIOGA,",00","524.748,00",",00",",00",",00",",00",",00",",00"
2301,26,782,81,4555,1,0,222,0,"Recuperação Funcional LMG-710, trecho Ladainha - Poté",EXECUÇÃO,QUILÔMETRO,5,Não,Região Intermediária de Teófilo Otoni,LADAINHA,",00","3.814.802,00",",00",",00",",00",",00",",00",",00"
2301,26,782,81,4555,1,0,223,0,"Execução dos serviços de Recuperação Funcional do Pavimento na Rodovia MG-111, trecho Manhumirim - Entrº BR-482 A. A execução dos serviços descritos está restrita ao âmbito de circunscrição da 29ª URG do DER/MG – MANHUMIRIM.",EXECUÇÃO,QUILÔMETRO,15,Não,Região Intermediária de Juíz de Fora,MANHUMIRIM,",00","7.154.404,00",",00",",00",",00",",00",",00",",00"
2301,26,782,81,4555,1,0,224,0,"Recuperação Funcional do Pavimento na Rodovia MG-401, trecho Porto Matias Cardoso - Início Perímetro Urbano de Janaúba",EXECUÇÃO,QUILÔMETRO,1,Não,Região Intermediária de Montes Claros,JANAÚBA,",00","2.963.641,00",",00",",00",",00",",00",",00",",00"
2301,26,782,81,4555,1,0,225,0,"Recuperação funcional do pavimento na rodovia BR-148, trecho divisa BA/MG - Teófilo Otoni",EXECUÇÃO,QUILÔMETRO,5,Não,Região Intermediária de Teófilo Otoni,TEÓFILO OTONI,",00","9.149.244,00",",00",",00",",00",",00",",00",",00"
2301,26,782,81,4555,1,0,226,0,"Recuperação Funcional do Pavimento na Rodovia LMG-719, trecho Nanuque - Divisa MG/ES. A execução dos serviços descritos está restrita ao âmbito de circunscrição da 28ª URG do DER/MG – TEÓFILO OTONI.",EXECUÇÃO,QUILÔMETRO,1,Não,Região Intermediária de Teófilo Otoni,NANUQUE,",00","2.973.097,00",",00",",00",",00",",00",",00",",00"
2311,12,122,705,2500,1,0,336,11948,Reconstrução dos muros do Campus Sede - Unimontes,PARALISADO,PORCENTAGEM DE OBRA REALIZADA,1,Sim,Região Intermediária de Montes Claros,MONTES CLAROS,"300.000,00",",00",",00",",00",",00",",00",",00",",00"
2311,12,122,705,2500,1,0,337,0,Implementação do projeto de combate a incêndio e pânico do Campus Sede - Unimontes,PARALISADO,PORCENTAGEM DE OBRA REALIZADA,1,Sim,Região Intermediária de Montes Claros,MONTES CLAROS,"1.500.000,00",",00",",00",",00",",00",",00",",00",",00"
2311,12,363,48,4182,1,0,20,6959,"Construção de escolas, em atendimento ao Plano de Ações Articuladas - PAR na cidade de Bocaiuva - MG",PARALISADO,% DE EXECUÇÃO FÍSICA,1,Sim,Região Intermediária de Montes Claros,BOCAIÚVA,"1.179.000,00","2.632.100,00",",00",",00",",00",",00",",00",",00"
2311,12,363,48,4182,1,0,21,6960,"Construção de escolas, em atendimento ao Plano de Ações Articuladas - PAR em Brasilia de Minas-MG",PARALISADO,% DE EXECUÇÃO FÍSICA,1,Sim,Região Intermediária de Montes Claros,BRASÍLIA DE MINAS,"2.358.000,00","7.457.618,00",",00",",00",",00",",00",",00",",00"
2311,12,363,48,4182,1,0,22,6967,Construção de escolas em atendimento ao Plano de Ações Articuladas PAR na cidade de Manga-MG,PARALISADO,% DE EXECUÇÃO FÍSICA,1,Sim,Região Intermediária de Montes Claros,MANGA,"2.358.000,00","7.457.618,00",",00",",00",",00",",00",",00",",00"
2321,10,302,123,4341,1,0,397,0,diversos,INICIANDO,UNIDADE,1,Sim,Região Intermediária de Belo Horizonte,SETE LAGOAS,"130.000,00",",00",",00",",00",",00",",00",",00",",00"
2321,10,302,123,4341,1,0,398,0,"Projeto de reforma das unidades de HBH, parte elétrica, adequações da infraestrutura e de ar condicionado (climatização e insuflamento)",INICIANDO,UNIDADE,1,Sim,Região Intermediária de Belo Horizonte,BELO HORIZONTE,"2.028.589,00",",00",",00",",00",",00",",00",",00",",00"
2321,10,302,123,4341,1,0,399,0,diversos,INICIANDO,UNIDADE,1,Sim,Região Intermediária de Uberlândia,UBERLÂNDIA,"225.000,00",",00",",00",",00",",00",",00",",00",",00"
2321,10,302,123,4341,1,0,400,0,diversos,INICIANDO,UNIDADE,1,Sim,Região Intermediária de Patos de Minas,PATOS DE MINAS,"450.000,00",",00",",00",",00",",00",",00",",00",",00"
2321,10,302,123,4341,1,0,401,0,diversos,INICIANDO,UNIDADE,1,Sim,Região Intermediária de Divinópolis,DIVINÓPOLIS,"170.000,00",",00",",00",",00",",00",",00",",00",",00"
2321,10,302,123,4341,1,0,402,0,Obra de construção da nova sede de Ponte Nova,INICIANDO,UNIDADE,1,Sim,Região Intermediária de Juíz de Fora,PONTE NOVA,"6.532.699,00","636.000,00",",00",",00",",00",",00",",00",",00"
2321,10,302,123,4341,1,0,403,0,"ELAB.PROJ.EXECUT.CONST.NOVA SEDE DO HEMONUCLEO SAO JOAO DEL REI,DA METODOLOGIA BIM",INICIANDO,UNIDADE,1,Sim,Região Intermediária de Barbacena,SÃO JOÃO DEL REI,"120.000,00",",00",",00",",00",",00",",00",",00",",00"
2321,10,302,123,4341,1,0,404,0,diversos,INICIANDO,UNIDADE,1,Sim,Região Intermediária de Varginha,PASSOS,"450.000,00",",00",",00",",00",",00",",00",",00",",00"
2321,10,302,123,4341,1,0,405,0,diversos,INICIANDO,UNIDADE,1,Sim,Região Intermediária de Pouso Alegre,POUSO ALEGRE,"600.000,00",",00",",00",",00",",00",",00",",00",",00"
2321,10,302,123,4341,1,0,406,0,ELAB.PROJ EXEC.ARQUIT.COMPL.REFORMA DO POSTO DE COLETA DE POCOS DE CALDAS,INICIANDO,UNIDADE,1,Sim,Região Intermediária de Pouso Alegre,POÇOS DE CALDAS,"50.000,00",",00",",00",",00",",00",",00",",00",",00"
2331,23,125,63,4127,1,0,1,0,"RECUPERAÇÃO DA ESTRUTURA ATUAL DO POSTO DE VERIFICAÇÃO DE CAMINHÕES TANQUE DE VARGINHA, INCLUINDO INSTALAÇÃO DE LINHA DE VIDA E MEDIDOR VOLUMÉTRICO.",INICIANDO,UNIDADE,1,Sim,Região Intermediária de Varginha,VARGINHA,",00","250.000,00",",00",",00",",00",",00",",00",",00"
2361,9,274,767,2114,1,0,346,0,CONSTRUÇÃO DE SEDE PRÓPRIA,INICIANDO,R$ MIL,2850,Não,Região Intermediária de Belo Horizonte,BELO HORIZONTE,",00","23.489.225,00",",00","23.489.225,00",",00","23.489.225,00",",00","23.489.225,00"
3051,12,364,18,4026,1,0,185,0,OBRAS PARA ATENDER O ENSINO SUPERIOR NA EPAMIG,INICIANDO,ALUNO,40,Não,Região Intermediária de Juíz de Fora,JUIZ DE FORA,"6.000.000,00",",00",",00",",00",",00",",00",",00",",00"
3051,12,364,18,4026,1,0,186,0,OBRAS PARA ATENDER O ENSINO SUPERIOR NA EPAMIG,INICIANDO,ALUNO,40,Não,Região Intermediária de Divinópolis,PITANGUI,"6.000.000,00",",00",",00",",00",",00",",00",",00",",00"
3051,19,571,22,4035,1,0,73,0,OBRAS PARA MELHORIA DA INFRASTRUTURA DE PESQUISA.,INICIANDO,UNIDADE,60,Não,Região Intermediária de Patos de Minas,PATROCÍNIO,",00","250.000,00",",00",",00",",00",",00",",00",",00"
4031,2,61,706,2091,1,0,49,11702,Contrato a retomada da obra de construção do novo prédio do Fórum da Comarca de Barbacena/MG,EXECUÇÃO,INTERVENÇÃO,1,Não,Região Intermediária de Barbacena,BARBACENA,",00","10.000.000,00",",00","14.000.000,00",",00","4.324.662,00",",00",",00"
4031,2,61,706,2091,1,0,50,0,CONSTRUÇÃO NOVO FÓRUM PAD. BETA - RETOMADA,INICIANDO,INTERVENÇÃO,1,Não,Região Intermediária de Divinópolis,DORES DO INDAIÁ,",00","2.800.000,00",",00",",00",",00",",00",",00",",00"
4031,2,61,706,2091,1,0,51,11188,Construção novo prédio do Fórum de Formiga/MG,INICIANDO,INTERVENÇÃO,1,Não,Região Intermediária de Divinópolis,FORMIGA,",00","10.000.000,00",",00","7.035.933,00",",00",",00",",00",",00"
4031,2,61,706,2091,1,0,52,0,Contrato a execução de obras de reforma e ampliação do Fórum da Comarca de Igarapé/MG,INICIANDO,INTERVENÇÃO,1,Não,Região Intermediária de Belo Horizonte,IGARAPÉ,",00","8.000.000,00",",00","2.879.839,00",",00",",00",",00",",00"
4031,2,61,706,2091,1,0,53,0,REFORMA E AMPLIAÇÃO DO FÓRUM,INICIANDO,INTERVENÇÃO,1,Não,Região Intermediária de Juíz de Fora,IPANEMA,",00","4.000.000,00",",00","2.749.615,00",",00",",00",",00",",00"
4031,2,61,706,2091,1,0,54,11547,RETOMADA DA OBRA DE CONSTRUÇÃO DO NOVO PRÉDIO DO FÓRUM DA COMARCA DE ITAJUBÁ/MG,INICIANDO,INTERVENÇÃO,1,Não,Região Intermediária de Pouso Alegre,ITAJUBÁ,",00","18.992.247,00",",00",",00",",00",",00",",00",",00"
4031,2,61,706,2091,1,0,56,11257,Continuidade da obra de construção do novo prédio do Fórum da Comarca de Itaúna/MG,INICIANDO,INTERVENÇÃO,1,Não,Região Intermediária de Divinópolis,ITAÚNA,",00","14.000.000,00",",00","14.321.242,00",",00",",00",",00",",00"
4031,2,61,706,2091,1,0,57,0,Construção da obra do novo prédio do Fórum da Comarca de Minas Novas,INICIANDO,INTERVENÇÃO,1,Não,Região Intermediária de Teófilo Otoni,MINAS NOVAS,",00","4.172.925,00",",00",",00",",00",",00",",00",",00"
4031,2,61,706,2091,1,0,58,0,CONSTRUÇÃO NOVO FÓRUM PAD. P24,INICIANDO,INTERVENÇÃO,1,Não,Região Intermediária de Montes Claros,MONTES CLAROS,",00","14.000.000,00",",00","11.059.653,00",",00",",00",",00",",00"
4031,2,61,706,2091,1,0,59,0,REFORMA AR CONDICIONADO CENTRAL,INICIANDO,INTERVENÇÃO,1,Não,Região Intermediária de Juíz de Fora,MURIAÉ,",00","1.514.785,00",",00","214.422,00",",00","227.287,00",",00",",00"
4031,2,61,706,2091,1,0,60,0,"Retomada da obra de construção do novo prédio do Fórum da Comarca de Pará de Minas/MG, no terreno localizado na Avenida Cândido Portinari, S/Nº, Bairro Jardim Cores de Minas, em Pará de Minas/MG.",INICIANDO,INTERVENÇÃO,1,Não,Região Intermediária de Divinópolis,PARÁ DE MINAS,",00","12.000.000,00",",00","16.816.960,00",",00",",00",",00",",00"
4031,2,61,706,2091,1,0,61,0,REFORMA AR CONDICIONADO CENTRAL,INICIANDO,INTERVENÇÃO,1,Não,Região Intermediária de Varginha,PASSOS,",00","1.750.000,00",",00",",00",",00",",00",",00",",00"
4031,2,61,706,2091,1,0,62,0,CONSTRUÇÃO NOVO FÓRUM PAD. P3,INICIANDO,INTERVENÇÃO,1,Não,Região Intermediária de Teófilo Otoni,PEDRA AZUL,",00","6.000.000,00",",00","3.802.210,00",",00",",00",",00",",00"
4031,2,61,706,2091,1,0,63,11701,Retomada da obra de construção do novo prédio do Fórum da Comarca de Poços de Caldas/MG,INICIANDO,INTERVENÇÃO,1,Não,Região Intermediária de Pouso Alegre,POÇOS DE CALDAS,",00","14.000.000,00",",00","10.209.037,00",",00",",00",",00",",00"
4031,2,61,706,2091,1,0,64,0,Contrato a Execução de reforma do sistema de Ar Condicionado da Comarca de Pouso Alegre,INICIANDO,INTERVENÇÃO,1,Não,Região Intermediária de Pouso Alegre,POUSO ALEGRE,",00","905.389,00",",00",",00",",00",",00",",00",",00"
4031,2,61,706,2091,1,0,66,0,"Retomada da obra de construção do novo prédio do Fórum da Comarca de Santa Rita do Sapucaí,",EXECUÇÃO,INTERVENÇÃO,1,Não,Região Intermediária de Pouso Alegre,SANTA RITA DO SAPUCAÍ,",00","3.000.000,00",",00",",00",",00",",00",",00",",00"
4031,2,61,706,2091,1,0,68,0,REFORMA GERAL - CEJUSC,INICIANDO,INTERVENÇÃO,1,Não,Região Intermediária de Belo Horizonte,BELO HORIZONTE,",00","5.895.712,00",",00",",00",",00",",00",",00",",00"
4031,2,61,706,2091,1,0,101,11777,Contrato a execução de obras de construção do novo prédio do Fórum da Comarca de Vespasiano/MG,INICIANDO,INTERVENÇÃO,0,Não,Região Intermediária de Belo Horizonte,VESPASIANO,",00","14.000.000,00",",00","10.696.411,00",",00",",00",",00",",00"
4031,2,61,706,2091,1,0,102,0,Contrato a obra de reforma e ampliação do Fórum da Comarca de Teófilo Otoni/MG,EXECUÇÃO,INTERVENÇÃO,0,Não,Região Intermediária de Teófilo Otoni,TEÓFILO OTONI,",00","14.000.000,00",",00","16.180.224,00",",00",",00",",00",",00"
4031,2,61,706,2091,1,0,103,0,Contrato a retomada da obra de construção do novo prédio do Fórum da Comarca de Natércia/MG,EXECUÇÃO,INTERVENÇÃO,0,Não,Região Intermediária de Pouso Alegre,NATÉRCIA,",00","805.913,00",",00",",00",",00",",00",",00",",00"
4031,2,61,706,2091,1,0,104,0,Construção do novo prédio do Fórum da Comarca de Governador Valadares,EXECUÇÃO,INTERVENÇÃO,0,Não,Região Intermediária de Governador Valadares,GOVERNADOR VALADARES,",00","14.000.000,00",",00","22.000.000,00",",00","28.614.358,00",",00",",00"
4031,2,61,706,2091,1,0,105,0,CONSTRUÇÃO NOVO FÓRUM - P38,EXECUÇÃO,INTERVENÇÃO,0,Não,Região Intermediária de Juíz de Fora,JUIZ DE FORA,",00","10.000.000,00",",00","25.696.248,00",",00",",00",",00",",00"
4031,2,61,706,2091,1,0,106,0,CONSTRUÇÃO NOVO FÓRUM PAD. P3 - RETOMADA,PARALISADO,INTERVENÇÃO,0,Não,Região Intermediária de Belo Horizonte,MATEUS LEME,",00","4.000.000,00",",00","4.000.000,00",",00",",00",",00",",00"
4031,2,61,706,2091,1,0,107,0,Construção do novo prédio do Fórum da Comarca de Abre Campo/MG,INICIANDO,INTERVENÇÃO,0,Não,Região Intermediária de Juíz de Fora,ABRE CAMPO,",00","6.000.000,00",",00","3.157.521,00",",00",",00",",00",",00"
4031,2,61,706,2091,1,0,108,0,CONSTRUÇÃO NOVO FÓRUM PAD. P3,INICIANDO,INTERVENÇÃO,0,Não,Região Intermediária de Ipatinga,INHAPIM,",00","6.000.000,00",",00","4.690.000,00",",00",",00",",00",",00"
4031,2,61,706,2091,1,0,109,0,CONSTRUÇÃO NOVO FÓRUM PAD. P24,INICIANDO,INTERVENÇÃO,0,Não,Região Intermediária de Belo Horizonte,BETIM,",00","14.000.000,00",",00","23.000.000,00",",00","22.437.985,00",",00",",00"
4031,2,61,706,2091,1,0,110,0,CONSTRUÇÃO NOVO FÓRUM PAD. P3 - RETOMADA DA OBRA,INICIANDO,INTERVENÇÃO,0,Não,Região Intermediária de Governador Valadares,GUANHÃES,",00","6.000.000,00",",00","3.597.187,00",",00",",00",",00",",00"
4031,2,61,706,2091,1,0,111,0,CONSTRUÇÃO NOVO FÓRUM PAD. BETA,INICIANDO,INTERVENÇÃO,0,Não,Região Intermediária de Montes Claros,SÃO JOÃO DA PONTE,",00","4.000.000,00",",00","2.387.500,00",",00",",00",",00",",00"
4031,2,61,706,2091,1,0,112,0,CONSTRUÇÃO NOVO FÓRUM PAD. P3 - RETOMADA,PARALISADO,INTERVENÇÃO,0,Não,Região Intermediária de Divinópolis,BOM DESPACHO,",00","4.000.000,00",",00","2.500.000,00",",00",",00",",00",",00"
4031,2,61,706,2091,1,0,113,0,Contrato a retomada da obra de construção do novo prédio do Fórum da Comarca de Ibirité/MG,PARALISADO,INTERVENÇÃO,0,Não,Região Intermediária de Belo Horizonte,IBIRITÉ,",00","8.000.000,00",",00","12.000.000,00",",00",",00",",00",",00"
4031,2,61,706,2091,1,0,114,0,CONSTRUÇÃO NOVO FÓRUM PAD. BETA,INICIANDO,INTERVENÇÃO,0,Não,Região Intermediária de Varginha,AREADO,",00","3.193.750,00",",00","3.193.750,00",",00",",00",",00",",00"
4031,2,61,706,2091,1,0,115,0,CONSTRUÇÃO NOVO FÓRUM PAD. 1V,INICIANDO,INTERVENÇÃO,0,Não,Região Intermediária de Juíz de Fora,GUARANI,",00","2.243.181,00",",00","1.869.318,00",",00",",00",",00",",00"
4031,2,61,706,2091,1,0,116,0,REFORMA E AMPLIAÇÃO DO FÓRUM,INICIANDO,INTERVENÇÃO,0,Não,Região Intermediária de Ipatinga,IPATINGA,",00","4.603.448,00",",00","15.931.034,00",",00","17.965.517,00",",00",",00"
4031,2,61,706,2091,1,0,117,0,CONSTRUÇÃO NOVO FÓRUM PAD. P3,INICIANDO,INTERVENÇÃO,0,Não,Região Intermediária de Divinópolis,PITANGUI,",00","2.000.000,00",",00","8.412.500,00",",00",",00",",00",",00"
4031,2,61,706,2091,1,0,118,0,REFORMA E AMPLIAÇÃO DO FÓRUM,INICIANDO,INTERVENÇÃO,0,Não,Região Intermediária de Belo Horizonte,SETE LAGOAS,",00","3.000.000,00",",00","15.000.000,00",",00","17.000.000,00",",00","8.750.000,00"
4031,2,61,706,2091,1,0,119,0,REFORMA E AMPLIAÇÃO DO FÓRUM,INICIANDO,INTERVENÇÃO,0,Não,Região Intermediária de Varginha,MONTE BELO,",00","300.000,00",",00","3.725.000,00",",00",",00",",00",",00"
4031,2,61,706,2091,1,0,120,0,CONSTRUÇÃO NOVO FÓRUM PAD. 1+1V,INICIANDO,INTERVENÇÃO,0,Não,Região Intermediária de Montes Claros,CORAÇÃO DE JESUS,",00","700.000,00",",00","4.462.640,00",",00",",00",",00",",00"
4031,2,61,706,2091,1,0,121,0,CONSTRUÇÃO NOVO FÓRUM PAD. BETA,INICIANDO,INTERVENÇÃO,0,Não,Região Intermediária de Varginha,BOM SUCESSO,",00","500.000,00",",00","5.887.500,00",",00",",00",",00",",00"
4031,2,61,706,2091,1,0,122,0,REFORMA E AMPLIAÇÃO DO FÓRUM,INICIANDO,INTERVENÇÃO,0,Não,Região Intermediária de Juíz de Fora,SENADOR FIRMINO,",00","298.958,00",",00","3.288.541,00",",00",",00",",00",",00"
4031,2,61,706,2091,1,0,123,0,REFORMA GERAL - FÓRUM LAFAYETTE,INICIANDO,INTERVENÇÃO,0,Não,Região Intermediária de Belo Horizonte,BELO HORIZONTE,",00","10.000.000,00",",00","22.000.000,00",",00","20.500.000,00",",00",",00"
4031,2,61,706,2091,1,0,124,0,OBRAS E SERVIÇOS EMERGENCIAIS E PEQUENAS INTERVENÇÕES; ENERGIA SOLAR FOTOVOLTAICA; ACESSIBILIDADE; PLANOS E PROJETOS; REFORMA AR CONDICIONADO CENTRAL; EXECUÇÃO DE SONDAGEM EM TERRENOS PARA CONSTRUÇÃO DE FÓRUNS NO ESTADO,INICIANDO,INTERVENÇÃO,0,Não,Estadual,DIVERSOS MUNICÍPIOS - ESTADUAL,",00","20.075.102,00",",00",",00",",00",",00",",00",",00"
4031,2,61,706,2091,1,0,125,0,BH - CIA - AR CONDIONADO,INICIANDO,INTERVENÇÃO,1,Não,Região Intermediária de Belo Horizonte,BELO HORIZONTE,",00","2.683.173,00",",00",",00",",00",",00",",00",",00"
4031,2,61,706,2091,1,0,126,0,BH - CONSTRUÇÃO DATA CENTER,INICIANDO,INTERVENÇÃO,0,Não,Região Intermediária de Belo Horizonte,BELO HORIZONTE,",00","4.000.000,00",",00","17.875.000,00",",00",",00",",00",",00"
4291,10,122,154,4437,1,0,361,0,Reforma da estrutura física da sede administrativa da Unidade Regional de Saúde de Uberlândia.,INICIANDO,UNIDADE,1,Sim,Região Intermediária de Uberlândia,UBERLÂNDIA,"346.754,00",",00","447.246,00",",00",",00",",00",",00",",00"
4291,10,122,154,4437,1,0,362,0,Reforma da estrutura física da sede administrativa da Unidade Regional de Saúde de Uberaba.,INICIANDO,UNIDADE,1,Sim,Região Intermediária de Uberaba,UBERABA,"624.704,00",",00","805.747,00",",00",",00",",00",",00",",00"
4291,10,122,154,4437,1,0,363,0,Reforma da estrutura física da sede administrativa da Unidade de Saúde de Ituiutaba.,INICIANDO,UNIDADE,1,Sim,Região Intermediária de Uberlândia,ITUIUTABA,"171.086,00",",00","220.667,00",",00",",00",",00",",00",",00"
4291,10,122,154,4437,1,0,364,0,Reforma da estrutura física da sede administrativa da Unidade de Saúde de Teófilo Otoni.,INICIANDO,UNIDADE,1,Sim,Região Intermediária de Teófilo Otoni,TEÓFILO OTONI,"710.977,00",",00","917.023,00",",00",",00",",00",",00",",00"
4291,10,122,154,4437,1,0,365,0,Reforma da estrutura física da sede administrativa da Unidade de Saúde de Barbacena.,INICIANDO,UNIDADE,1,Sim,Região Intermediária de Barbacena,BARBACENA,"599.176,00",",00","772.824,00",",00",",00",",00",",00",",00"
4291,10,122,154,4437,1,0,366,0,Reforma da estrutura física da sede administrativa da Unidade de Saúde de São João Del Rei.,INICIANDO,UNIDADE,1,Sim,Região Intermediária de Barbacena,SÃO JOÃO DEL REI,"147.354,00",",00","190.059,00",",00",",00",",00",",00",",00"
4291,10,122,154,4437,1,0,367,0,Reforma da estrutura física da sede administrativa da Unidade de Saúde de Ubá.,INICIANDO,UNIDADE,1,Sim,Região Intermediária de Juíz de Fora,UBÁ,"436.513,00",",00","563.017,00",",00",",00",",00",",00",",00"
4291,10,122,154,4437,1,0,368,0,Reforma da estrutura física da sede administrativa da Unidade Regional de Saúde de Governador Valadares.,INICIANDO,UNIDADE,1,Sim,Região Intermediária de Governador Valadares,GOVERNADOR VALADARES,"873.436,00",",00","1.126.564,00",",00",",00",",00",",00",",00"
4291,10,302,157,1085,1,1,369,0,Retomada das obras para conclusão do Hospital Regional de Teófilo Otoni.,INICIANDO,UNIDADE,1,Não,Região Intermediária de Teófilo Otoni,TEÓFILO OTONI,",00","61.760.525,00",",00","132.462.829,00",",00",",00",",00",",00"
4291,10,302,157,1085,1,1,370,0,Retomada das obras para conclusão do Hospital Regional de Conselheiro Lafaiete.,INICIANDO,UNIDADE,1,Não,Região Intermediária de Barbacena,CONSELHEIRO LAFAIETE,",00","27.808.149,00",",00","13.478.031,00",",00",",00",",00",",00"
4291,10,302,157,1085,1,1,371,0,Retomada das obras para conclusão do Hospital Regional de Sete Lagoas.,INICIANDO,UNIDADE,1,Não,Região Intermediária de Belo Horizonte,SETE LAGOAS,",00","68.107.903,00",",00","6.561.956,00",",00",",00",",00",",00"
4291,10,302,157,1085,1,1,372,0,Retomada das obras para conclusão do Hospital Regional de Divinópolis.,INICIANDO,UNIDADE,1,Não,Região Intermediária de Divinópolis,DIVINÓPOLIS,",00","73.719.817,00",",00","4.975.167,00",",00",",00",",00",",00"
4291,10,302,157,1085,1,1,373,0,Retomada das obras para conclusão do Hospital Regional de Juiz de Fora.,INICIANDO,UNIDADE,1,Não,Região Intermediária de Juíz de Fora,JUIZ DE FORA,",00","51.936.364,00",",00",",00",",00",",00",",00",",00"
4291,10,302,157,1085,1,1,374,0,Retomada das obras para conclusão do Hospital Regional de Governador Valadares.,INICIANDO,UNIDADE,1,Não,Região Intermediária de Governador Valadares,GOVERNADOR VALADARES,",00","1.000,00",",00","87.999.000,00",",00",",00",",00",",00"
5081,17,512,120,8004,0,0,350,0,"IMPLANTAÇÃO OU AMPLIAÇÃO REALIZADA EM SISTEMAS DE ABASTECIMENTO DE ÁGUA QUE PODEM CONTEMPLAR SISTEMA PRODUTOR QUE PODE SER ATRAVÉS DE POÇO PROFUNDO OU CAPTAÇÃO SUPERFICIAL, ESTAÇÃO DE TRATAMENTO DE ÁGUA, ADUTORAS, ESTAÇÕES ELEVATÓRIAS, RESERVATÓRIOS E REDES DE DISTRIBUIÇÃO DE ÁGUA PARA OPERAÇÃO DAS UNIDADES DE TRATAMENTO E DISTRIBUIÇÃO DE ÁGUA TRATADA EM LOCALIDADES QUE A COPASA TENHA OU VENHA A TER A CONCESSÃO PARA O SERVIÇO DE ABASTECIMENTO DE ÁGUA. IMPLANTAÇÃO OU AMPLIAÇÃO REALIZADA EM SISTEMAS DE ESGOTAMENTO SANITÁRIO QUE PODEM CONTEMPLAR ESTAÇÃO DE TRATAMENTO DE ESGOTO, ESTAÇÕES ELEVATÓRIAS, INTERCEPTORES E REDES COLETORAS PARA OPERAÇÃO DAS UNIDADES DE COLETA E TRATAMENTO DE ESGOTO EM LOCALIDADES QUE A COPASA TENHA OU VENHA A TER A CONCESSÃO PARA O SERVIÇO DE ESGOTAMENTO SANITÁRIO.",EXECUÇÃO,ECONOMIA RESIDENCIAL,90000,Não,Estadual,DIVERSOS MUNICÍPIOS - ESTADUAL,",00","1.210.000.000,00",",00","1.380.000.000,00",",00","1.380.000.000,00",",00","1.380.000.000,00"
5081,17,512,120,8005,0,0,351,0,"AMPLIAÇÃO REALIZADA, OPERAÇÃO, MANUTENÇÃO E CONSERVAÇÃO DAS UNIDADES DE ADUÇÃO DO SISTEMA PRODUTOR RIO MANSO; REVERSÃO DOS ATIVOS À COMPANHIA DE SANEAMENTO DE MINAS GERAIS.",EXECUÇÃO,METRO CÚBICO P/ SEGUNDO,1,Não,Região Intermediária de Belo Horizonte,DIVERSOS MUNICÍPIOS - REGIÃO INTERMEDIÁRIA DE BELO HORIZONTE,",00","49.915.500,00",",00","55.500.000,00",",00","55.500.000,00",",00","55.500.000,00"
5251,25,451,66,8003,0,0,194,0,"EXPANSÃO DA INFRAESTRUTURA DE DISTRIBUIÇÃO DE GÁS NATURAL, EM GASODUTOS VIRTUAIS E PRIMÁRIOS, EM MINAS GERAIS.",EXECUÇÃO,METRO,107055,Não,Estadual,DIVERSOS MUNICÍPIOS - ESTADUAL,",00","244.358.023,00",",00","504.956.974,00",",00","624.697.390,00",",00","229.815.496,00"
5391,25,752,92,3004,0,0,23,0,EXPANSÃO E AQUISIÇÃO DO SISTEMA DE TRANSMISSÃO,INICIANDO,UNIDADE,1,Não,Região Intermediária de Barbacena,DIVERSOS MUNICÍPIOS - REGIÃO INTERMEDIÁRIA DE BARBACENA,",00","3.074.913,00",",00","4.991.887,00",",00",",00",",00",",00"
5391,25,752,92,3004,0,0,24,0,EXPANSÃO E AQUISIÇÃO DO SISTEMA DE TRANSMISSÃO,INICIANDO,UNIDADE,4,Não,Região Intermediária de Belo Horizonte,DIVERSOS MUNICÍPIOS - REGIÃO INTERMEDIÁRIA DE BELO HORIZONTE,",00","109.170.396,00",",00","20.160.231,00",",00","1.164.601,00",",00",",00"
5391,25,752,92,3004,0,0,25,0,EXPANSÃO E AQUISIÇÃO DO SISTEMA DE TRANSMISSÃO,INICIANDO,UNIDADE,3,Não,Região Intermediária de Divinópolis,DIVERSOS MUNICÍPIOS - REGIÃO INTERMEDIÁRIA DE DIVINÓPOLIS,",00","37.697.018,00",",00","5.916.837,00",",00",",00",",00",",00"
5391,25,752,92,3004,0,0,26,0,EXPANSÃO E AQUISIÇÃO DO SISTEMA DE TRANSMISSÃO,INICIANDO,UNIDADE,1,Não,Região Intermediária de Governador Valadares,DIVERSOS MUNICÍPIOS - REGIÃO INTERMEDIÁRIA DE GOVERNADOR VALADARES,",00","14.368.344,00",",00","30.376.242,00",",00","28.489.850,00",",00",",00"
5391,25,752,92,3004,0,0,27,0,EXPANSÃO E AQUISIÇÃO DO SISTEMA DE TRANSMISSÃO,INICIANDO,UNIDADE,1,Não,Região Intermediária de Ipatinga,DIVERSOS MUNICÍPIOS - REGIÃO INTERMEDIÁRIA DE IPATINGA,",00","14.128.831,00",",00","9.096.201,00",",00","273.177,00",",00",",00"
5391,25,752,92,3004,0,0,28,0,EXPANSÃO E AQUISIÇÃO DO SISTEMA DE TRANSMISSÃO,INICIANDO,UNIDADE,1,Não,Região Intermediária de Juíz de Fora,DIVERSOS MUNICÍPIOS - REGIÃO INTERMEDIÁRIA DE JUÍZ DE FORA,",00","2.516.205,00",",00","2.634.881,00",",00",",00",",00",",00"
5391,25,752,92,3004,0,0,29,0,EXPANSÃO E AQUISIÇÃO DO SISTEMA DE TRANSMISSÃO,INICIANDO,UNIDADE,2,Não,Região Intermediária de Montes Claros,DIVERSOS MUNICÍPIOS - REGIÃO INTERMEDIÁRIA DE MONTES CLAROS,",00","27.797.194,00",",00","42.964.862,00",",00","32.117.654,00",",00","586.579,00"
5391,25,752,92,3004,0,0,30,0,EXPANSÃO E AQUISIÇÃO DO SISTEMA DE TRANSMISSÃO,INICIANDO,UNIDADE,1,Não,Região Intermediária de Pouso Alegre,DIVERSOS MUNICÍPIOS - REGIÃO INTERMEDIÁRIA DE POUSO ALEGRE,",00","48.621.831,00",",00","315.998,00",",00",",00",",00",",00"
5391,25,752,92,3004,0,0,31,0,EXPANSÃO E AQUISIÇÃO DO SISTEMA DE TRANSMISSÃO,INICIANDO,UNIDADE,1,Não,Região Intermediária de Uberaba,DIVERSOS MUNICÍPIOS - REGIÃO INTERMEDIÁRIA DE UBERABA,",00","38.172.493,00",",00","31.807.141,00",",00","5.050.957,00",",00",",00"
5391,25,752,92,3004,0,0,32,0,EXPANSÃO E AQUISIÇÃO DO SISTEMA DE TRANSMISSÃO,INICIANDO,UNIDADE,1,Não,Região Intermediária de Uberlândia,DIVERSOS MUNICÍPIOS - REGIÃO INTERMEDIÁRIA DE UBERLÂNDIA,",00","4.098.288,00",",00",",00",",00",",00",",00",",00"
5391,25,752,92,3004,0,0,33,0,EXPANSÃO E AQUISIÇÃO DO SISTEMA DE TRANSMISSÃO,INICIANDO,UNIDADE,1,Não,Região Intermediária de Varginha,DIVERSOS MUNICÍPIOS - REGIÃO INTERMEDIÁRIA DE VARGINHA,",00","6.271.502,00",",00",",00",",00",",00",",00",",00"
5391,25,752,92,3004,0,0,45,0,EXPANSÃO E AQUISIÇÃO DO SISTEMA DE TRANSMISSÃO,INICIANDO,UNIDADE,1,Não,Estadual,DIVERSOS MUNICÍPIOS - ESTADUAL,",00","2.792.000,00",",00","14.800.000,00",",00","12.500.000,00",",00",",00"
5391,25,752,92,3005,0,0,34,0,REFORMAS DE SUBESTAÇÕES E LINHAS DE TRANSMISSÃO,INICIANDO,UNIDADE,1,Não,Região Intermediária de Barbacena,DIVERSOS MUNICÍPIOS - REGIÃO INTERMEDIÁRIA DE BARBACENA,",00","9.020.697,00",",00","7.532.951,00",",00","6.720.533,00",",00","16.438.541,00"
5391,25,752,92,3005,0,0,36,0,REFORMAS DE SUBESTAÇÕES E LINHAS DE TRANSMISSÃO,INICIANDO,UNIDADE,1,Não,Região Intermediária de Divinópolis,DIVERSOS MUNICÍPIOS - REGIÃO INTERMEDIÁRIA DE DIVINÓPOLIS,",00","6.224.533,00",",00","4.705.489,00",",00",",00",",00",",00"
5391,25,752,92,3005,0,0,37,0,REFORMAS DE SUBESTAÇÕES E LINHAS DE TRANSMISSÃO,INICIANDO,UNIDADE,1,Não,Região Intermediária de Governador Valadares,DIVERSOS MUNICÍPIOS - REGIÃO INTERMEDIÁRIA DE GOVERNADOR VALADARES,",00","857.942,00",",00","10.433.474,00",",00","5.786.060,00",",00","2.572.568,00"
5391,25,752,92,3005,0,0,38,0,REFORMAS DE SUBESTAÇÕES E LINHAS DE TRANSMISSÃO,INICIANDO,UNIDADE,2,Não,Região Intermediária de Ipatinga,DIVERSOS MUNICÍPIOS - REGIÃO INTERMEDIÁRIA DE IPATINGA,",00","6.823.751,00",",00","37.528.254,00",",00","14.359.215,00",",00","31.092.389,00"
5391,25,752,92,3005,0,0,39,0,REFORMAS DE SUBESTAÇÕES E LINHAS DE TRANSMISSÃO,INICIANDO,UNIDADE,1,Não,Região Intermediária de Juíz de Fora,DIVERSOS MUNICÍPIOS - REGIÃO INTERMEDIÁRIA DE JUÍZ DE FORA,",00","556.775,00",",00","7.858.443,00",",00","828.211,00",",00",",00"
5391,25,752,92,3005,0,0,40,0,REFORMAS DE SUBESTAÇÕES E LINHAS DE TRANSMISSÃO,INICIANDO,UNIDADE,1,Não,Região Intermediária de Montes Claros,DIVERSOS MUNICÍPIOS - REGIÃO INTERMEDIÁRIA DE MONTES CLAROS,",00","10.207.883,00",",00","54.832.333,00",",00","60.415.816,00",",00","77.367.165,00"
5391,25,752,92,3005,0,0,41,0,REFORMAS DE SUBESTAÇÕES E LINHAS DE TRANSMISSÃO,INICIANDO,UNIDADE,1,Não,Região Intermediária de Patos de Minas,DIVERSOS MUNICÍPIOS - REGIÃO INTERMEDIÁRIA DE PATOS DE MINAS,",00","552.043,00",",00",",00",",00",",00",",00",",00"
5391,25,752,92,3005,0,0,42,0,REFORMAS DE SUBESTAÇÕES E LINHAS DE TRANSMISSÃO,INICIANDO,UNIDADE,1,Não,Região Intermediária de Pouso Alegre,DIVERSOS MUNICÍPIOS - REGIÃO INTERMEDIÁRIA DE POUSO ALEGRE,",00","2.456.373,00",",00","457.567,00",",00",",00",",00",",00"
5391,25,752,92,3005,0,0,43,0,REFORMAS DE SUBESTAÇÕES E LINHAS DE TRANSMISSÃO,INICIANDO,UNIDADE,2,Não,Região Intermediária de Uberaba,DIVERSOS MUNICÍPIOS - REGIÃO INTERMEDIÁRIA DE UBERABA,",00","26.940.090,00",",00","40.559.376,00",",00","18.962.145,00",",00",",00"
5391,25,752,92,3005,0,0,44,0,REFORMAS DE SUBESTAÇÕES E LINHAS DE TRANSMISSÃO,INICIANDO,UNIDADE,1,Não,Região Intermediária de Uberlândia,DIVERSOS MUNICÍPIOS - REGIÃO INTERMEDIÁRIA DE UBERLÂNDIA,",00","621.250,00",",00","16.543.339,00",",00","11.745.825,00",",00",",00"
5391,25,752,92,3005,0,0,46,0,REFORMAS DE SUBESTAÇÕES E LINHAS DE TRANSMISSÃO,INICIANDO,UNIDADE,7,Não,Estadual,DIVERSOS MUNICÍPIOS - ESTADUAL,",00","31.802.810,00",",00","21.107.123,00",",00","7.340.472,00",",00",",00"
5391,25,752,92,3005,0,0,47,0,REFORMAS DE SUBESTAÇÕES E LINHAS DE TRANSMISSÃO,INICIANDO,UNIDADE,1,Não,Região Intermediária de Varginha,DIVERSOS MUNICÍPIOS - REGIÃO INTERMEDIÁRIA DE VARGINHA,",00","1.000,00",",00",",00",",00","12.367.811,00",",00","30.251.881,00"
5391,25,752,92,3005,0,0,48,0,REFORMAS DE SUBESTAÇÕES E LINHAS DE TRANSMISSÃO,INICIANDO,UNIDADE,2,Não,Região Intermediária de Belo Horizonte,DIVERSOS MUNICÍPIOS - REGIÃO INTERMEDIÁRIA DE BELO HORIZONTE,",00","24.387.295,00",",00","49.160.468,00",",00","104.446.664,00",",00","172.942.687,00"
5391,25,752,94,3001,0,0,354,0,EXPANSÃO DO SISTEMA DE GERAÇÃO,INICIANDO,UNIDADE,3,Não,Estadual,DIVERSOS MUNICÍPIOS - ESTADUAL,",00","1.880.000.000,00",",00","2.020.000.000,00",",00","3.270.000.000,00",",00","3.400.000.000,00"
5401,25,752,72,3002,0,0,2,0,EXECUÇÃO DO PLANO DE DESENVOLVIMENTO DA DISTRIBUIDORA (PDD),INICIANDO,UNIDADE,1,Não,Estadual,DIVERSOS MUNICÍPIOS - ESTADUAL,",00","12.033.000,00",",00","85.490.000,00",",00","88.040.000,00",",00","90.738.000,00"
5401,25,752,72,3002,0,0,6,0,EXECUÇÃO DO PLANO DE DESENVOLVIMENTO DA DISTRIBUIDORA (PDD),INICIANDO,UNIDADE,114,Não,Região Intermediária de Belo Horizonte,DIVERSOS MUNICÍPIOS - REGIÃO INTERMEDIÁRIA DE BELO HORIZONTE,",00","978.228.000,00",",00","903.468.000,00",",00","878.727.000,00",",00","940.877.000,00"
5401,25,752,72,3002,0,0,7,0,EXECUÇÃO DO PLANO DE DESENVOLVIMENTO DA DISTRIBUIDORA (PDD),INICIANDO,UNIDADE,75,Não,Região Intermediária de Divinópolis,DIVERSOS MUNICÍPIOS - REGIÃO INTERMEDIÁRIA DE DIVINÓPOLIS,",00","203.041.000,00",",00","256.847.000,00",",00","369.257.000,00",",00","407.549.000,00"
5401,25,752,72,3002,0,0,8,0,EXECUÇÃO DO PLANO DE DESENVOLVIMENTO DA DISTRIBUIDORA (PDD),INICIANDO,UNIDADE,10,Não,Região Intermediária de Barbacena,DIVERSOS MUNICÍPIOS - REGIÃO INTERMEDIÁRIA DE BARBACENA,",00","84.516.000,00",",00","149.364.000,00",",00","154.232.000,00",",00","191.005.000,00"
5401,25,752,72,3002,0,0,9,0,EXECUÇÃO DO PLANO DE DESENVOLVIMENTO DA DISTRIBUIDORA (PDD),INICIANDO,UNIDADE,25,Não,Região Intermediária de Governador Valadares,DIVERSOS MUNICÍPIOS - REGIÃO INTERMEDIÁRIA DE GOVERNADOR VALADARES,",00","133.857.000,00",",00","141.752.000,00",",00","199.299.000,00",",00","250.053.000,00"
5401,25,752,72,3002,0,0,10,0,EXECUÇÃO DO PLANO DE DESENVOLVIMENTO DA DISTRIBUIDORA (PDD),INICIANDO,UNIDADE,20,Não,Região Intermediária de Ipatinga,DIVERSOS MUNICÍPIOS - REGIÃO INTERMEDIÁRIA DE IPATINGA,",00","94.082.000,00",",00","152.058.000,00",",00","160.180.000,00",",00","208.226.000,00"
5401,25,752,72,3002,0,0,12,0,EXECUÇÃO DO PLANO DE DESENVOLVIMENTO DA DISTRIBUIDORA (PDD),INICIANDO,UNIDADE,50,Não,Região Intermediária de Juíz de Fora,DIVERSOS MUNICÍPIOS - REGIÃO INTERMEDIÁRIA DE JUÍZ DE FORA,",00","147.118.000,00",",00","198.288.000,00",",00","242.786.000,00",",00","237.945.000,00"
5401,25,752,72,3002,0,0,13,0,EXECUÇÃO DO PLANO DE DESENVOLVIMENTO DA DISTRIBUIDORA (PDD),INICIANDO,UNIDADE,50,Não,Região Intermediária de Montes Claros,DIVERSOS MUNICÍPIOS - REGIÃO INTERMEDIÁRIA DE MONTES CLAROS,",00","335.723.000,00",",00","423.752.000,00",",00","439.086.000,00",",00","473.955.000,00"
5401,25,752,72,3002,0,0,14,0,EXECUÇÃO DO PLANO DE DESENVOLVIMENTO DA DISTRIBUIDORA (PDD),INICIANDO,UNIDADE,100,Não,Região Intermediária de Patos de Minas,DIVERSOS MUNICÍPIOS - REGIÃO INTERMEDIÁRIA DE PATOS DE MINAS,",00","211.973.000,00",",00","281.681.000,00",",00","288.648.000,00",",00","284.188.000,00"
5401,25,752,72,3002,0,0,15,0,EXECUÇÃO DO PLANO DE DESENVOLVIMENTO DA DISTRIBUIDORA (PDD),INICIANDO,UNIDADE,60,Não,Região Intermediária de Pouso Alegre,DIVERSOS MUNICÍPIOS - REGIÃO INTERMEDIÁRIA DE POUSO ALEGRE,",00","136.452.000,00",",00","121.228.000,00",",00","155.619.000,00",",00","206.752.000,00"
5401,25,752,72,3002,0,0,16,0,EXECUÇÃO DO PLANO DE DESENVOLVIMENTO DA DISTRIBUIDORA (PDD),INICIANDO,UNIDADE,30,Não,Região Intermediária de Teófilo Otoni,DIVERSOS MUNICÍPIOS - REGIÃO INTERMEDIÁRIA DE TEÓFILO OTONI,",00","142.092.000,00",",00","159.573.000,00",",00","200.919.000,00",",00","245.025.000,00"
5401,25,752,72,3002,0,0,17,0,EXECUÇÃO DO PLANO DE DESENVOLVIMENTO DA DISTRIBUIDORA (PDD),INICIANDO,UNIDADE,20,Não,Região Intermediária de Uberaba,DIVERSOS MUNICÍPIOS - REGIÃO INTERMEDIÁRIA DE UBERABA,",00","69.892.000,00",",00","121.415.000,00",",00","185.145.000,00",",00","153.173.000,00"
5401,25,752,72,3002,0,0,18,0,EXECUÇÃO DO PLANO DE DESENVOLVIMENTO DA DISTRIBUIDORA (PDD),INICIANDO,UNIDADE,50,Não,Região Intermediária de Uberlândia,DIVERSOS MUNICÍPIOS - REGIÃO INTERMEDIÁRIA DE UBERLÂNDIA,",00","134.275.000,00",",00","223.131.000,00",",00","255.512.000,00",",00","283.367.000,00"
5401,25,752,72,3002,0,0,19,0,EXECUÇÃO DO PLANO DE DESENVOLVIMENTO DA DISTRIBUIDORA (PDD),INICIANDO,UNIDADE,40,Não,Região Intermediária de Varginha,DIVERSOS MUNICÍPIOS - REGIÃO INTERMEDIÁRIA DE VARGINHA,",00","218.514.000,00",",00","269.386.000,00",",00","313.274.000,00",",00","356.706.000,00"
5511,17,512,120,8006,0,0,352,0,"IMPLANTAÇÃO OU AMPLIAÇÃO REALIZADA EM SISTEMAS DE ABASTECIMENTO DE ÁGUA QUE PODEM CONTEMPLAR SISTEMA PRODUTOR QUE PODE SER ATRAVÉS DE POÇO PROFUNDO OU CAPTAÇÃO SUPERFICIAL, ESTAÇÃO DE TRATAMENTO DE ÁGUA, ADUTORAS, ESTAÇÕES ELEVATÓRIAS, RESERVATÓRIOS E REDES DE DISTRIBUIÇÃO DE ÁGUA PARA OPERAÇÃO DAS UNIDADES DE TRATAMENTO E DISTRIBUIÇÃO DE ÁGUA TRATADA EM LOCALIDADES QUE A COPANOR TENHA OU VENHA A TER A CONCESSÃO PARA O SERVIÇO DE ABASTECIMENTO DE ÁGUA. IMPLANTAÇÃO OU AMPLIAÇÃO REALIZADA EM SISTEMAS DE ESGOTAMENTO SANITÁRIO QUE PODEM CONTEMPLAR ESTAÇÃO DE TRATAMENTO DE ESGOTO, ESTAÇÕES ELEVATÓRIAS, INTERCEPTORES E REDES COLETORAS PARA OPERAÇÃO DAS UNIDADES DE COLETA E TRATAMENTO DE ESGOTO EM LOCALIDADES QUE A COPANOR TENHA OU VENHA A TER A CONCESSÃO PARA O SERVIÇO DE ESGOTAMENTO SANITÁRIO.",EXECUÇÃO,ECONOMIA RESIDENCIAL,5000,Não,Região Intermediária de Teófilo Otoni,DIVERSOS MUNICÍPIOS - REGIÃO INTERMEDIÁRIA DE TEÓFILO OTONI,",00","45.000.000,00",",00","45.000.000,00",",00","45.000.000,00",",00","45.000.000,00"
5511,17,512,120,8007,0,0,353,0,"IMPLANTAÇÃO OU AMPLIAÇÃO REALIZADA EM SISTEMAS DE ABASTECIMENTO DE ÁGUA QUE PODEM CONTEMPLAR SISTEMA PRODUTOR QUE PODE SER ATRAVÉS DE POÇO PROFUNDO OU CAPTAÇÃO SUPERFICIAL, ESTAÇÃO DE TRATAMENTO DE ÁGUA, ADUTORAS, ESTAÇÕES ELEVATÓRIAS, RESERVATÓRIOS E REDES DE DISTRIBUIÇÃO DE ÁGUA PARA OPERAÇÃO DAS UNIDADES DE TRATAMENTO E DISTRIBUIÇÃO DE ÁGUA TRATADA EM LOCALIDADES QUE A COPANOR TENHA OU VENHA A TER A CONCESSÃO PARA O SERVIÇO DE ABASTECIMENTO DE ÁGUA. IMPLANTAÇÃO OU AMPLIAÇÃO REALIZADA EM SISTEMAS DE ESGOTAMENTO SANITÁRIO QUE PODEM CONTEMPLAR ESTAÇÃO DE TRATAMENTO DE ESGOTO, ESTAÇÕES ELEVATÓRIAS, INTERCEPTORES E REDES COLETORAS PARA OPERAÇÃO DAS UNIDADES DE COLETA E TRATAMENTO DE ESGOTO EM LOCALIDADES QUE A COPANOR TENHA OU VENHA A TER A CONCESSÃO PARA O SERVIÇO DE ESGOTAMENTO SANITÁRIO.",EXECUÇÃO,AÇÃO,2000,Não,Região Intermediária de Teófilo Otoni,DIVERSOS MUNICÍPIOS - REGIÃO INTERMEDIÁRIA DE TEÓFILO OTONI,",00","2.000.000,00",",00","2.000.000,00",",00","2.000.000,00",",00","2.000.000,00"
