ANO,COD_ORGAO,DESC_ORGAO,COD_UO,DESC_UO,FUNCAO,SUBFUNCAO,COD_PROGRAMA,IDENT_PROJATIV,PROJ_ATIV,AÇÃO,SUBPROJETO,CATEGORIA,FONTE,IAG,PROGRAMA,ACAO,VALOR (R$) 2023,VALOR (R$) 2024,VALOR (R$) 2025,VALOR (R$) 2026
2023,1190,SECRETARIA DE ESTADO DE FAZENDA - SEF,5191,MINAS GERAIS PARTICIPAÇÕES S.A - MGI,4,122,13,6,11,6011,0,4810,51000,0,APORTE DE CAPITAL E MANUTENÇÃO DA INFRAESTRUTURA DA MGI,MANUTENÇÃO E ADEQUAÇÃO DA INFRAESTRUTURA DA MGI,90000,50000,50000,50000
2023,1190,SECRETARIA DE ESTADO DE FAZENDA - SEF,5191,MINAS GERAIS PARTICIPAÇÕES S.A - MGI,4,122,24,6,3,6003,0,4810,51000,0,"APOIO AO DESENVOLVIMENTO MUNICIPAL, À CAPTAÇÃO E À COORDENAÇÃO DA TRANSFERÊNCIA DE RECURSOS",SUPORTE AO DESENVOLVIMENTO ESTADUAL,15882556,1000,1000,1000
2023,1190,SECRETARIA DE ESTADO DE FAZENDA - SEF,5191,MINAS GERAIS PARTICIPAÇÕES S.A - MGI,4,123,13,6,1,6001,0,4510,11101,0,APORTE DE CAPITAL E MANUTENÇÃO DA INFRAESTRUTURA DA MGI,INVESTIMENTOS VIA PARTICIPAÇÃO SOCIETÁRIA,1000,1000,1000,1000
2023,1190,SECRETARIA DE ESTADO DE FAZENDA - SEF,5191,MINAS GERAIS PARTICIPAÇÕES S.A - MGI,4,123,13,6,1,6001,0,4510,51000,0,APORTE DE CAPITAL E MANUTENÇÃO DA INFRAESTRUTURA DA MGI,INVESTIMENTOS VIA PARTICIPAÇÃO SOCIETÁRIA,1000,1000,1000,1000
2023,1220,SECRETARIA DE ESTADO DE DESENVOLVIMENTO ECONÔMICO - SEDE,5011,COMPANHIA DE DESENVOLVIMENTO ECONÔMICO DE MINAS GERAIS - CODEMIG,4,122,63,3,14,3014,0,4810,51000,0,MINAS + GERAIS - DIVERSIFICAÇÃO E FORTALECIMENTO DA ECONOMIA,MANUTENÇÃO E AQUISIÇÕES DA CODEMIG,1000,1000,1000,1000
2023,1220,SECRETARIA DE ESTADO DE DESENVOLVIMENTO ECONÔMICO - SEDE,5031,COMPANHIA DE DESENVOLVIMENTO DE MINAS GERAIS - CODEMG,19,572,63,3,17,3017,0,4810,51000,0,MINAS + GERAIS - DIVERSIFICAÇÃO E FORTALECIMENTO DA ECONOMIA,"GESTÃO DE PARTICIPAÇÕES, FUNDOS, CONSÓRCIOS, P&D E EQUIPAMENTOS CULTURAIS E TURÍSTICOS",14119841,3737589,3737589,3737589
2023,1220,SECRETARIA DE ESTADO DE DESENVOLVIMENTO ECONÔMICO - SEDE,5081,COMPANHIA DE SANEAMENTO DE MINAS GERAIS - COPASA,17,512,120,8,4,8004,0,4610,21204,0,GESTÃO AMBIENTAL E SANEAMENTO,UNIVERSALIZAÇÃO DOS SERVIÇOS DE SANEAMENTO NA ÁREA DA COPASA,250000000,250000000,250000000,250000000
2023,1220,SECRETARIA DE ESTADO DE DESENVOLVIMENTO ECONÔMICO - SEDE,5081,COMPANHIA DE SANEAMENTO DE MINAS GERAIS - COPASA,17,512,120,8,4,8004,0,4610,22199,0,GESTÃO AMBIENTAL E SANEAMENTO,UNIVERSALIZAÇÃO DOS SERVIÇOS DE SANEAMENTO NA ÁREA DA COPASA,885250000,1055250000,1055250000,1055250000
2023,1220,SECRETARIA DE ESTADO DE DESENVOLVIMENTO ECONÔMICO - SEDE,5081,COMPANHIA DE SANEAMENTO DE MINAS GERAIS - COPASA,17,512,120,8,4,8004,0,4610,22199,0,GESTÃO AMBIENTAL E SANEAMENTO,UNIVERSALIZAÇÃO DOS SERVIÇOS DE SANEAMENTO NA ÁREA DA COPASA,40000000,40000000,40000000,40000000
2023,1220,SECRETARIA DE ESTADO DE DESENVOLVIMENTO ECONÔMICO - SEDE,5081,COMPANHIA DE SANEAMENTO DE MINAS GERAIS - COPASA,17,512,120,8,4,8004,0,4610,51000,0,GESTÃO AMBIENTAL E SANEAMENTO,UNIVERSALIZAÇÃO DOS SERVIÇOS DE SANEAMENTO NA ÁREA DA COPASA,80000000,80000000,80000000,80000000
2023,1220,SECRETARIA DE ESTADO DE DESENVOLVIMENTO ECONÔMICO - SEDE,5081,COMPANHIA DE SANEAMENTO DE MINAS GERAIS - COPASA,17,512,120,8,4,8004,0,4610,51000,0,GESTÃO AMBIENTAL E SANEAMENTO,UNIVERSALIZAÇÃO DOS SERVIÇOS DE SANEAMENTO NA ÁREA DA COPASA,74750000,74750000,74750000,74750000
2023,1220,SECRETARIA DE ESTADO DE DESENVOLVIMENTO ECONÔMICO - SEDE,5081,COMPANHIA DE SANEAMENTO DE MINAS GERAIS - COPASA,17,512,120,8,5,8005,0,4610,51000,0,GESTÃO AMBIENTAL E SANEAMENTO,PPP - SISTEMA ADUTOR RIO MANSO,49915500,55500000,55500000,55500000
2023,1220,SECRETARIA DE ESTADO DE DESENVOLVIMENTO ECONÔMICO - SEDE,5081,COMPANHIA DE SANEAMENTO DE MINAS GERAIS - COPASA,17,512,120,8,8,8008,0,4610,22199,0,GESTÃO AMBIENTAL E SANEAMENTO,ADEQUAÇÃO DA INFRA-ESTRUTURA ADMINISTRATIVA E OPERACIONAL - COPASA,31000000,31000000,31000000,31000000
2023,1220,SECRETARIA DE ESTADO DE DESENVOLVIMENTO ECONÔMICO - SEDE,5081,COMPANHIA DE SANEAMENTO DE MINAS GERAIS - COPASA,17,512,120,8,8,8008,0,4610,51000,0,GESTÃO AMBIENTAL E SANEAMENTO,ADEQUAÇÃO DA INFRA-ESTRUTURA ADMINISTRATIVA E OPERACIONAL - COPASA,50000000,50000000,50000000,50000000
2023,1220,SECRETARIA DE ESTADO DE DESENVOLVIMENTO ECONÔMICO - SEDE,5121,COMPANHIA ENERGÉTICA DE MINAS GERAIS - CEMIG HOLDING,25,752,35,3,11,3011,0,4610,51000,0,INVESTIMENTOS CEMIG,MANUTENÇÃO DA INFRAESTRUTURA DA CEMIG HOLDING,30608,0,0,1500000
2023,1220,SECRETARIA DE ESTADO DE DESENVOLVIMENTO ECONÔMICO - SEDE,5121,COMPANHIA ENERGÉTICA DE MINAS GERAIS - CEMIG HOLDING,25,752,35,3,12,3012,0,4510,12100,0,INVESTIMENTOS CEMIG,APORTE DE CAPITAL - PARTICIPAÇÕES SOCIETÁRIAS CEMIG HOLDING,629198369,178381605,194067776,0
2023,1220,SECRETARIA DE ESTADO DE DESENVOLVIMENTO ECONÔMICO - SEDE,5131,INSTITUTO DE DESENVOLVIMENTO INTEGRADO DE MINAS GERAIS - INDI,22,122,142,6,8,6008,0,4610,51000,0,MANUTENÇÃO DA INFRAESTRUTURA ADMINISTRATIVA E OPERACIONAL - INDI,MANUTENÇÃO DA INFRAESTRUTURA ADMINISTRATIVA E OPERACIONAL DO INDI,500000,500000,500000,500000
2023,1220,SECRETARIA DE ESTADO DE DESENVOLVIMENTO ECONÔMICO - SEDE,5201,BANCO DE DESENVOLVIMENTO DE MINAS GERAIS S.A - BDMG,23,122,17,6,4,6004,0,4810,12400,0,INVESTIMENTO NA INFRAESTRUTURA ADMINISTRATIVA E OPERACIONAL DO BDMG,MANUTENÇÃO E ADEQUAÇÃO DA INFRA-ESTRUTURA ADMINISTRATIVA E OPERACIONAL DO BDMG,21267000,21267000,21267000,21267000
2023,1220,SECRETARIA DE ESTADO DE DESENVOLVIMENTO ECONÔMICO - SEDE,5251,COMPANHIA DE GÁS DE MINAS GERAIS - GASMIG,25,451,66,8,3,8003,0,4610,12900,0,#VEMPRAMINAS - ATRAÇÃO DE INVESTIMENTOS,GÁS COMPETITIVO- EXPANSÃO DA REDE DE GÁS NATURAL,244358023,504956974,624697390,229815496
2023,1220,SECRETARIA DE ESTADO DE DESENVOLVIMENTO ECONÔMICO - SEDE,5391,CEMIG GERAÇÃO E TRANSMISSÃO S.A - CEMIG GERAÇÃO E TRANSMISSÃO,25,752,92,3,4,3004,0,4610,51000,0,TRANSMISSÃO DE ENERGIA ELÉTRICA,EXPANSÃO DO SISTEMA DE TRANSMISSÃO,308709015,163064280,79596239,586579
2023,1220,SECRETARIA DE ESTADO DE DESENVOLVIMENTO ECONÔMICO - SEDE,5391,CEMIG GERAÇÃO E TRANSMISSÃO S.A - CEMIG GERAÇÃO E TRANSMISSÃO,25,752,92,3,5,3005,0,4610,51000,0,TRANSMISSÃO DE ENERGIA ELÉTRICA,REFORMAS DE SUBESTAÇÕES E LINHAS DE TRANSMISSÃO,120452442,250718817,242972752,330665231
2023,1220,SECRETARIA DE ESTADO DE DESENVOLVIMENTO ECONÔMICO - SEDE,5391,CEMIG GERAÇÃO E TRANSMISSÃO S.A - CEMIG GERAÇÃO E TRANSMISSÃO,25,752,92,3,6,3006,0,4610,51000,0,TRANSMISSÃO DE ENERGIA ELÉTRICA,MANUTENÇÃO DA INFRAESTRUTURA DA TRANSMISSÃO,4693805,3535135,3602141,6764431
2023,1220,SECRETARIA DE ESTADO DE DESENVOLVIMENTO ECONÔMICO - SEDE,5391,CEMIG GERAÇÃO E TRANSMISSÃO S.A - CEMIG GERAÇÃO E TRANSMISSÃO,25,752,94,3,1,3001,0,4610,51000,0,GERAÇÃO DE ENERGIA ELÉTRICA,EXPANSÃO DO SISTEMA DE GERAÇÃO,1880000000,2020000000,3270000000,3400000000
2023,1220,SECRETARIA DE ESTADO DE DESENVOLVIMENTO ECONÔMICO - SEDE,5391,CEMIG GERAÇÃO E TRANSMISSÃO S.A - CEMIG GERAÇÃO E TRANSMISSÃO,25,752,94,3,7,3007,0,4610,51000,0,GERAÇÃO DE ENERGIA ELÉTRICA,"REFORMAS, MELHORIAS E AMPLIAÇÕES DE USINAS",17888000,3202147,7501423,13788616
2023,1220,SECRETARIA DE ESTADO DE DESENVOLVIMENTO ECONÔMICO - SEDE,5391,CEMIG GERAÇÃO E TRANSMISSÃO S.A - CEMIG GERAÇÃO E TRANSMISSÃO,25,752,94,3,8,3008,0,4610,51000,0,GERAÇÃO DE ENERGIA ELÉTRICA,MANUTENÇÃO DA INFRAESTRUTURA DA GERAÇÃO,15165514,2596418,2773623,9733481
2023,1220,SECRETARIA DE ESTADO DE DESENVOLVIMENTO ECONÔMICO - SEDE,5391,CEMIG GERAÇÃO E TRANSMISSÃO S.A - CEMIG GERAÇÃO E TRANSMISSÃO,25,752,94,3,9,3009,0,4510,12100,0,GERAÇÃO DE ENERGIA ELÉTRICA,APORTE DE CAPITAL - PARTICIPAÇÕES SOCIETÁRIAS CEMIG GERAÇÃO E TRANSMISSÃO,12241405,10327800,10651410,11290495
2023,1220,SECRETARIA DE ESTADO DE DESENVOLVIMENTO ECONÔMICO - SEDE,5401,CEMIG DISTRIBUIÇÃO S.A - CEMIG DISTRIBUIDORA,25,752,72,3,2,3002,0,4610,51000,0,DISTRIBUIÇÃO DE ENERGIA ELÉTRICA,EXECUÇÃO DO PLANO DE DESENVOLVIMENTO DA DISTRIBUIDORA (PDD),2901796000,3487433000,3930724000,4329559000
2023,1220,SECRETARIA DE ESTADO DE DESENVOLVIMENTO ECONÔMICO - SEDE,5401,CEMIG DISTRIBUIÇÃO S.A - CEMIG DISTRIBUIDORA,25,752,72,3,3,3003,0,4610,51000,0,DISTRIBUIÇÃO DE ENERGIA ELÉTRICA,MANUTENÇÃO DA INFRAESTRUTURA DA DISTRIBUIÇÃO,162092993,74451231,75686208,104538653
2023,1220,SECRETARIA DE ESTADO DE DESENVOLVIMENTO ECONÔMICO - SEDE,5511,COPASA - SERVIÇOS DE SANEAMENTO INTEGRADO DO NORTE E NORDESTE DE MINAS GERAIS S/A - COPANOR,17,512,120,8,6,8006,0,4610,51000,0,GESTÃO AMBIENTAL E SANEAMENTO,UNIVERSALIZAÇÃO DOS SERVIÇOS DE SANEAMENTO NA ÁREA DA COPANOR,45000000,45000000,45000000,45000000
2023,1220,SECRETARIA DE ESTADO DE DESENVOLVIMENTO ECONÔMICO - SEDE,5511,COPASA - SERVIÇOS DE SANEAMENTO INTEGRADO DO NORTE E NORDESTE DE MINAS GERAIS S/A - COPANOR,17,512,120,8,7,8007,0,4610,51000,0,GESTÃO AMBIENTAL E SANEAMENTO,ADEQUAÇÃO DA INFRAESTRUTURA ADMINISTRATIVA E OPERACIONAL DA COPANOR,2000000,2000000,2000000,2000000
2023,1300,SECRETARIA DE ESTADO DE INFRAESTRUTURA E MOBILIDADE - SEINFRA,5261,TREM METROPOLITANO DE BELO HORIZONTE S.A - TREM METROPOLITANO,26,783,705,8,11,8011,0,4510,11101,0,APOIO ÀS POLÍTICAS PÚBLICAS,MANUTENÇÃO E ADEQUAÇÃO DA INFRA-ESTRUTURA ADMINISTRATIVA E OPERACIONAL - TRANSPORTES METROPOLITANOS,1000,0,0,0
2023,1480,SECRETARIA DE ESTADO DE DESENVOLVIMENTO SOCIAL - SEDESE,5071,COMPANHIA DE HABITAÇÃO DO ESTADO DE MINAS GERAIS - COHAB,16,122,705,6,10,6010,0,4610,51000,0,APOIO ÀS POLÍTICAS PÚBLICAS,MANUTENÇÃO E ADEQUAÇÃO DA INFRAESTRUTURA ADMINISTRATIVA - COHAB,120000,120000,120000,120000
2023,1500,SECRETARIA DE ESTADO DE PLANEJAMENTO E GESTÃO - SEPLAG,5141,COMPANHIA DE TECNOLOGIA DA INFORMAÇÃO DO ESTADO DE MINAS GERAIS - PRODEMGE,4,126,30,8,1,8001,0,4810,51000,0,SOLUÇÕES EM TECNOLOGIA DA INFORMAÇÃO E COMUNICAÇÃO,AQUISIÇÃO DE HARDWARES E SOFTWARES PARA PRESTAÇÃO DE SERVIÇOS EM TECNOLOGIA DA INFORMAÇÃO E COMUNICAÇÃO,45914908,6210000,6210000,6210000
2023,1500,SECRETARIA DE ESTADO DE PLANEJAMENTO E GESTÃO - SEPLAG,5381,MINAS GERAIS ADMINISTRAÇÃO E SERVIÇOS S.A - MGS,4,122,57,8,2,8002,0,4610,51000,0,SOLUÇÕES EM SERVIÇOS DE APOIO TÉCNICO-OPERACIONAL,INVESTIMENTOS EM ATIVO FIXO PARA PRESTAÇÃO DE SERVIÇO,3300000,3300000,2800000,2800000
2023,1500,SECRETARIA DE ESTADO DE PLANEJAMENTO E GESTÃO - SEPLAG,5381,MINAS GERAIS ADMINISTRAÇÃO E SERVIÇOS S.A - MGS,4,122,57,8,2,8002,0,4610,51000,0,SOLUÇÕES EM SERVIÇOS DE APOIO TÉCNICO-OPERACIONAL,INVESTIMENTOS EM ATIVO FIXO PARA PRESTAÇÃO DE SERVIÇO,200000,200000,200000,200000
2023,1500,SECRETARIA DE ESTADO DE PLANEJAMENTO E GESTÃO - SEPLAG,5381,MINAS GERAIS ADMINISTRAÇÃO E SERVIÇOS S.A - MGS,4,122,57,8,2,8002,0,4810,11101,0,SOLUÇÕES EM SERVIÇOS DE APOIO TÉCNICO-OPERACIONAL,INVESTIMENTOS EM ATIVO FIXO PARA PRESTAÇÃO DE SERVIÇO,1000,1000,1000,1000
2023,1500,SECRETARIA DE ESTADO DE PLANEJAMENTO E GESTÃO - SEPLAG,5381,MINAS GERAIS ADMINISTRAÇÃO E SERVIÇOS S.A - MGS,4,122,57,8,2,8002,0,4810,51000,0,SOLUÇÕES EM SERVIÇOS DE APOIO TÉCNICO-OPERACIONAL,INVESTIMENTOS EM ATIVO FIXO PARA PRESTAÇÃO DE SERVIÇO,4500000,2500000,2000000,1000000
